{"2": {"val_score": [0.528556858745538, 1.0], "test_score": [0.528556858745538, 1.0], "time": "14/01/2023, 19:20:10", "config": {"x0": 1, "x1": 8, "x2": 4, "x3": 3, "x4": 3}}}