{"2": {"val_score": [0.528556858745538, 1.0], "test_score": [0.528556858745538, 1.0], "time": "14/01/2023, 19:21:01", "config": {"x0": 7, "x1": 2, "x2": 9, "x3": 8, "x4": 1}}}