{"2": {"val_score": [0.528556858745538, 1.0], "test_score": [0.528556858745538, 1.0], "time": "14/01/2023, 19:21:20", "config": {"x0": 6, "x1": 2, "x2": 1, "x3": 0, "x4": 0}}}