{"2": {"val_score": [0.528556858745538, 1.0], "test_score": [0.528556858745538, 1.0], "time": "14/01/2023, 19:23:09", "config": {"x0": 6, "x1": 2, "x2": 8, "x3": 3, "x4": 1}}}