{"2": {"val_score": [0.5153620670936924, 0.5724794983116257], "test_score": [0.5140551795939615, 0.5716353111432706], "time": "14/01/2023, 19:23:58", "config": {"x0": 2, "x1": 8, "x2": 6, "x3": 9, "x4": 5}}}