{"2": {"val_score": [0.528556858745538, 1.0], "test_score": [0.528610771113831, 1.0], "time": "14/01/2023, 19:14:43", "config": {"x0": 2, "x1": 8, "x2": 6, "x3": 2, "x4": 3}}}