{"2": {"val_score": [0.528556858745538, 1.0], "test_score": [0.528556858745538, 1.0], "time": "14/01/2023, 19:25:17", "config": {"x0": 0, "x1": 1, "x2": 7, "x3": 0, "x4": 1}}}