{"2": {"val_score": [0.36363636363636365, 0.000482392667631452], "test_score": [0.5, 0.0003859141341051616], "time": "14/01/2023, 19:26:55", "config": {"x0": 8, "x1": 9, "x2": 8, "x3": 9, "x4": 5}}}