{"2": {"val_score": [0.528556858745538, 1.0], "test_score": [0.528556858745538, 1.0], "time": "14/01/2023, 19:28:02", "config": {"x0": 5, "x1": 4, "x2": 8, "x3": 1, "x4": 1}}}