{"2": {"val_score": [0.5, 0.000120598166907863], "test_score": [1.0, 9.64785335262904e-05], "time": "14/01/2023, 19:28:13", "config": {"x0": 8, "x1": 6, "x2": 5, "x3": 0, "x4": 7}}}