{"2": {"val_score": [0.5268494429991328, 0.9524843222383019], "test_score": [0.5264475576626005, 0.953497346840328], "time": "14/01/2023, 19:28:20", "config": {"x0": 0, "x1": 7, "x2": 8, "x3": 9, "x4": 5}}}