{"2": {"val_score": [0.528556858745538, 1.0], "test_score": [0.528556858745538, 1.0], "time": "14/01/2023, 19:28:24", "config": {"x0": 3, "x1": 2, "x2": 7, "x3": 5, "x4": 2}}}