{"2": {"val_score": [0.5284666879183934, 0.9996382054992764], "test_score": [0.5284606753034785, 0.9996140858658948], "time": "14/01/2023, 19:30:52", "config": {"x0": 7, "x1": 9, "x2": 9, "x3": 8, "x4": 4}}}