{"2": {"val_score": [0.528556858745538, 1.0], "test_score": [0.528556858745538, 1.0], "time": "14/01/2023, 19:15:05", "config": {"x0": 6, "x1": 1, "x2": 5, "x3": 5, "x4": 3}}}