{"2": {"val_score": [0.528556858745538, 1.0], "test_score": [0.528556858745538, 1.0], "time": "14/01/2023, 19:15:06", "config": {"x0": 2, "x1": 7, "x2": 9, "x3": 5, "x4": 3}}}