{"2": {"val_score": [0.528556858745538, 1.0], "test_score": [0.528556858745538, 1.0], "time": "14/01/2023, 19:32:18", "config": {"x0": 0, "x1": 5, "x2": 1, "x3": 5, "x4": 2}}}