{"2": {"val_score": [0.528556858745538, 1.0], "test_score": [0.528556858745538, 1.0], "time": "14/01/2023, 19:32:37", "config": {"x0": 3, "x1": 1, "x2": 0, "x3": 9, "x4": 2}}}