{"2": {"val_score": [0.6217934165720772, 0.6606367583212736], "test_score": [0.6210037344020403, 0.657790641582248], "time": "14/01/2023, 19:15:24", "config": {"x0": 9, "x1": 6, "x2": 4, "x3": 5, "x4": 5}}}