{"2": {"val_score": [0.528556858745538, 1.0], "test_score": [0.528556858745538, 1.0], "time": "14/01/2023, 19:15:24", "config": {"x0": 1, "x1": 1, "x2": 8, "x3": 3, "x4": 0}}}