{"2": {"val_score": [0.6666666666666666, 0.000241196333815726], "test_score": [1.0, 9.64785335262904e-05], "time": "14/01/2023, 19:34:08", "config": {"x0": 0, "x1": 9, "x2": 0, "x3": 8, "x4": 5}}}