{"2": {"val_score": [0.5277540001316916, 0.966594307766522], "test_score": [0.5286865813181603, 0.9681620839363242], "time": "14/01/2023, 19:35:49", "config": {"x0": 6, "x1": 6, "x2": 6, "x3": 7, "x4": 5}}}