{"2": {"val_score": [0.6865671641791045, 0.04438012542209358], "test_score": [0.6722560975609756, 0.042547033285094064], "time": "14/01/2023, 19:36:44", "config": {"x0": 2, "x1": 3, "x2": 8, "x3": 4, "x4": 4}}}