{"2": {"val_score": [0.528556858745538, 1.0], "test_score": [0.528556858745538, 1.0], "time": "14/01/2023, 19:37:11", "config": {"x0": 1, "x1": 5, "x2": 8, "x3": 7, "x4": 2}}}