{"2": {"val_score": [0.6234357224118316, 0.06608779546550893], "test_score": [0.5808612440191387, 0.05856246985045827], "time": "14/01/2023, 19:37:29", "config": {"x0": 4, "x1": 2, "x2": 7, "x3": 6, "x4": 4}}}