{"2": {"val_score": [0.528556858745538, 1.0], "test_score": [0.528556858745538, 1.0], "time": "14/01/2023, 19:39:44", "config": {"x0": 5, "x1": 1, "x2": 7, "x3": 3, "x4": 0}}}