{"2": {"val_score": [0.528556858745538, 1.0], "test_score": [0.528556858745538, 1.0], "time": "14/01/2023, 19:42:17", "config": {"x0": 8, "x1": 8, "x2": 3, "x3": 4, "x4": 0}}}