{"2": {"val_score": [0.6306480380499405, 0.5116980221900627], "test_score": [0.62517764092847, 0.509310178485287], "time": "14/01/2023, 19:16:05", "config": {"x0": 8, "x1": 9, "x2": 2, "x3": 4, "x4": 5}}}