{"2": {"val_score": [0.528556858745538, 1.0], "test_score": [0.528556858745538, 1.0], "time": "14/01/2023, 19:43:12", "config": {"x0": 5, "x1": 7, "x2": 0, "x3": 5, "x4": 1}}}