{"2": {"val_score": [0.528556858745538, 1.0], "test_score": [0.528556858745538, 1.0], "time": "14/01/2023, 19:43:29", "config": {"x0": 2, "x1": 0, "x2": 7, "x3": 9, "x4": 5}}}