{"2": {"val_score": [0.528556858745538, 1.0], "test_score": [0.528556858745538, 1.0], "time": "14/01/2023, 19:43:31", "config": {"x0": 8, "x1": 5, "x2": 8, "x3": 1, "x4": 1}}}