{"2": {"val_score": [0.528556858745538, 1.0], "test_score": [0.528556858745538, 1.0], "time": "14/01/2023, 19:43:55", "config": {"x0": 7, "x1": 2, "x2": 0, "x3": 4, "x4": 1}}}