{"2": {"val_score": [0.528556858745538, 1.0], "test_score": [0.528556858745538, 1.0], "time": "14/01/2023, 19:44:53", "config": {"x0": 9, "x1": 8, "x2": 9, "x3": 5, "x4": 4}}}