{"2": {"val_score": [0.528556858745538, 1.0], "test_score": [0.528556858745538, 1.0], "time": "14/01/2023, 19:45:26", "config": {"x0": 1, "x1": 6, "x2": 0, "x3": 9, "x4": 4}}}