{"2": {"val_score": [0.528556858745538, 1.0], "test_score": [0.528556858745538, 1.0], "time": "14/01/2023, 19:47:48", "config": {"x0": 3, "x1": 8, "x2": 9, "x3": 4, "x4": 0}}}