{"2": {"val_score": [0.528556858745538, 1.0], "test_score": [0.528556858745538, 1.0], "time": "14/01/2023, 19:49:55", "config": {"x0": 0, "x1": 5, "x2": 4, "x3": 9, "x4": 2}}}