{"2": {"val_score": [0.528556858745538, 1.0], "test_score": [0.528556858745538, 1.0], "time": "14/01/2023, 19:49:57", "config": {"x0": 4, "x1": 3, "x2": 1, "x3": 9, "x4": 0}}}