{"2": {"val_score": [0.528556858745538, 1.0], "test_score": [0.528556858745538, 1.0], "time": "14/01/2023, 19:50:18", "config": {"x0": 1, "x1": 5, "x2": 5, "x3": 3, "x4": 2}}}