{"2": {"val_score": [0.528556858745538, 1.0], "test_score": [0.528556858745538, 1.0], "time": "14/01/2023, 19:50:35", "config": {"x0": 8, "x1": 4, "x2": 7, "x3": 5, "x4": 3}}}