{"2": {"val_score": [0.528556858745538, 1.0], "test_score": [0.528556858745538, 1.0], "time": "14/01/2023, 19:51:03", "config": {"x0": 3, "x1": 6, "x2": 3, "x3": 7, "x4": 3}}}