{"2": {"val_score": [0.7846750727449079, 0.09756391702846116], "test_score": [0.7631975867269984, 0.09763627592860588], "time": "14/01/2023, 19:51:51", "config": {"x0": 5, "x1": 7, "x2": 2, "x3": 5, "x4": 5}}}