{"2": {"val_score": [0.5306412075861179, 0.992040520984081], "test_score": [0.5317656765676567, 0.9948866377231066], "time": "14/01/2023, 19:51:55", "config": {"x0": 6, "x1": 0, "x2": 7, "x3": 8, "x4": 4}}}