{"2": {"val_score": [0.5244857982370226, 0.12916063675832126], "test_score": [0.5245508982035928, 0.12677279305354558], "time": "14/01/2023, 19:52:09", "config": {"x0": 2, "x1": 2, "x2": 9, "x3": 8, "x4": 5}}}