{"2": {"val_score": [0.6112327382957224, 0.8754220935841776], "test_score": [0.611761521283075, 0.8721659430776653], "time": "14/01/2023, 19:52:10", "config": {"x0": 8, "x1": 1, "x2": 1, "x3": 3, "x4": 4}}}