{"2": {"val_score": [0.6669813547321218, 0.6816208393632417], "test_score": [0.669048980369735, 0.677375783888085], "time": "14/01/2023, 19:52:10", "config": {"x0": 7, "x1": 2, "x2": 1, "x3": 4, "x4": 4}}}