{"2": {"val_score": [0.528556858745538, 1.0], "test_score": [0.528556858745538, 1.0], "time": "14/01/2023, 19:17:34", "config": {"x0": 0, "x1": 8, "x2": 4, "x3": 7, "x4": 4}}}