{"2": {"val_score": [0.528556858745538, 1.0], "test_score": [0.528556858745538, 1.0], "time": "14/01/2023, 16:05:39", "config": {"x0": 5, "x1": 2, "x2": 6, "x3": 1, "x4": 0}}}