{"2": {"val_score": [0.528556858745538, 1.0], "test_score": [0.528556858745538, 1.0], "time": "14/01/2023, 16:06:20", "config": {"x0": 4, "x1": 5, "x2": 3, "x3": 8, "x4": 1}}}