{"2": {"val_score": [0.528556858745538, 1.0], "test_score": [0.5285597715218279, 0.9999035214664737], "time": "14/01/2023, 16:08:35", "config": {"x0": 9, "x1": 0, "x2": 1, "x3": 5, "x4": 3}}}