{"2": {"val_score": [0.5, 0.000120598166907863], "test_score": [1.0, 9.64785335262904e-05], "time": "14/01/2023, 16:09:41", "config": {"x0": 5, "x1": 3, "x2": 0, "x3": 8, "x4": 5}}}