{"2": {"val_score": [0.528556858745538, 1.0], "test_score": [0.5285867292293569, 0.9999035214664737], "time": "14/01/2023, 16:10:43", "config": {"x0": 4, "x1": 2, "x2": 7, "x3": 3, "x4": 4}}}