{"2": {"val_score": [0.528556858745538, 1.0], "test_score": [0.5286406528946698, 0.9999035214664737], "time": "14/01/2023, 16:11:09", "config": {"x0": 4, "x1": 9, "x2": 5, "x3": 1, "x4": 4}}}