{"2": {"val_score": [0.528556858745538, 1.0], "test_score": [0.528556858745538, 1.0], "time": "14/01/2023, 16:11:32", "config": {"x0": 1, "x1": 7, "x2": 4, "x3": 9, "x4": 3}}}