{"2": {"val_score": [0.528556858745538, 1.0], "test_score": [0.528556858745538, 1.0], "time": "14/01/2023, 16:12:06", "config": {"x0": 5, "x1": 2, "x2": 0, "x3": 3, "x4": 0}}}