{"2": {"val_score": [0.5462943522989713, 0.9413892908827786], "test_score": [0.5464425770308123, 0.9410516160154365], "time": "14/01/2023, 16:12:55", "config": {"x0": 4, "x1": 5, "x2": 2, "x3": 6, "x4": 4}}}