{"2": {"val_score": [0.528556858745538, 1.0], "test_score": [0.528556858745538, 1.0], "time": "14/01/2023, 16:13:05", "config": {"x0": 9, "x1": 7, "x2": 2, "x3": 2, "x4": 2}}}