{"2": {"val_score": [0.547425080011638, 0.907621804148577], "test_score": [0.5442882249560632, 0.8963820549927641], "time": "14/01/2023, 16:13:57", "config": {"x0": 4, "x1": 4, "x2": 8, "x3": 4, "x4": 4}}}