{"2": {"val_score": [0.5695864828812806, 0.61794500723589], "test_score": [0.5664429530201343, 0.6107091172214182], "time": "14/01/2023, 16:15:23", "config": {"x0": 5, "x1": 0, "x2": 6, "x3": 7, "x4": 5}}}