{"2": {"val_score": [0.528556858745538, 1.0], "test_score": [0.528610771113831, 1.0], "time": "14/01/2023, 16:15:42", "config": {"x0": 7, "x1": 7, "x2": 3, "x3": 1, "x4": 2}}}