{"2": {"val_score": [0.5966514459665144, 0.0472744814278823], "test_score": [0.5910194174757282, 0.04698504582730342], "time": "14/01/2023, 16:15:59", "config": {"x0": 2, "x1": 4, "x2": 7, "x3": 5, "x4": 5}}}