{"2": {"val_score": [0.528556858745538, 1.0], "test_score": [0.528556858745538, 1.0], "time": "14/01/2023, 16:16:11", "config": {"x0": 3, "x1": 8, "x2": 2, "x3": 8, "x4": 4}}}