{"2": {"val_score": [0.528556858745538, 1.0], "test_score": [0.5285867292293569, 0.9999035214664737], "time": "14/01/2023, 16:01:42", "config": {"x0": 1, "x1": 8, "x2": 8, "x3": 4, "x4": 4}}}