{"2": {"val_score": [0.528556858745538, 1.0], "test_score": [0.528556858745538, 1.0], "time": "14/01/2023, 16:18:56", "config": {"x0": 7, "x1": 0, "x2": 2, "x3": 8, "x4": 0}}}