{"2": {"val_score": [0.528556858745538, 1.0], "test_score": [0.528556858745538, 1.0], "time": "14/01/2023, 16:19:29", "config": {"x0": 0, "x1": 6, "x2": 1, "x3": 8, "x4": 0}}}