{"2": {"val_score": [0.528556858745538, 1.0], "test_score": [0.528556858745538, 1.0], "time": "14/01/2023, 16:19:50", "config": {"x0": 8, "x1": 8, "x2": 8, "x3": 7, "x4": 4}}}