{"2": {"val_score": [0.639344262295082, 0.004703328509406657], "test_score": [0.7142857142857143, 0.005306319343945972], "time": "14/01/2023, 16:20:44", "config": {"x0": 1, "x1": 6, "x2": 7, "x3": 8, "x4": 5}}}