{"2": {"val_score": [0.528556858745538, 1.0], "test_score": [0.528556858745538, 1.0], "time": "14/01/2023, 16:22:42", "config": {"x0": 9, "x1": 8, "x2": 0, "x3": 8, "x4": 1}}}