{"2": {"val_score": [0.528556858745538, 1.0], "test_score": [0.528556858745538, 1.0], "time": "14/01/2023, 16:24:19", "config": {"x0": 2, "x1": 1, "x2": 2, "x3": 8, "x4": 2}}}