{"2": {"val_score": [0.528556858745538, 1.0], "test_score": [0.528556858745538, 1.0], "time": "14/01/2023, 16:24:29", "config": {"x0": 7, "x1": 3, "x2": 5, "x3": 2, "x4": 0}}}