{"2": {"val_score": [0.625, 0.028340569223347805], "test_score": [0.600451467268623, 0.025663289917993246], "time": "14/01/2023, 16:26:20", "config": {"x0": 1, "x1": 2, "x2": 8, "x3": 7, "x4": 6}}}