{"2": {"val_score": [0.7563451776649747, 0.017969126869271587], "test_score": [0.7509727626459144, 0.018620356970574046], "time": "14/01/2023, 16:27:18", "config": {"x0": 7, "x1": 7, "x2": 4, "x3": 6, "x4": 5}}}