{"2": {"val_score": [0.6666666666666666, 0.000241196333815726], "test_score": [1.0, 0.0002894356005788712], "time": "14/01/2023, 16:27:39", "config": {"x0": 3, "x1": 7, "x2": 5, "x3": 4, "x4": 6}}}