{"2": {"val_score": [0.528556858745538, 1.0], "test_score": [0.528556858745538, 1.0], "time": "14/01/2023, 16:29:06", "config": {"x0": 4, "x1": 1, "x2": 1, "x3": 1, "x4": 0}}}