{"2": {"val_score": [0.6982055464926591, 0.05161601543656536], "test_score": [0.6749654218533887, 0.04708152436082971], "time": "14/01/2023, 16:29:10", "config": {"x0": 9, "x1": 4, "x2": 4, "x3": 7, "x4": 6}}}