{"2": {"val_score": [0.8108108108108109, 0.00361794500723589], "test_score": [0.813953488372093, 0.003376748673420164], "time": "14/01/2023, 16:31:04", "config": {"x0": 1, "x1": 1, "x2": 8, "x3": 1, "x4": 6}}}