{"2": {"val_score": [0.551846530888194, 0.7875060299083454], "test_score": [0.551837667137002, 0.7923781958514231], "time": "14/01/2023, 16:31:33", "config": {"x0": 1, "x1": 5, "x2": 9, "x3": 7, "x4": 4}}}