{"2": {"val_score": [0.5656787690441901, 0.9000241196333816], "test_score": [0.5678170628695547, 0.907959479015919], "time": "14/01/2023, 16:02:30", "config": {"x0": 4, "x1": 6, "x2": 5, "x3": 2, "x4": 5}}}