{"2": {"val_score": [0.5886019590382903, 0.07971538832609744], "test_score": [0.6161268090971743, 0.08625180897250362], "time": "14/01/2023, 16:34:36", "config": {"x0": 1, "x1": 4, "x2": 4, "x3": 9, "x4": 5}}}