{"2": {"val_score": [0.528556858745538, 1.0], "test_score": [0.528556858745538, 1.0], "time": "14/01/2023, 16:35:40", "config": {"x0": 2, "x1": 7, "x2": 7, "x3": 2, "x4": 3}}}