{"2": {"val_score": [0.528556858745538, 1.0], "test_score": [0.528556858745538, 1.0], "time": "14/01/2023, 16:35:47", "config": {"x0": 0, "x1": 8, "x2": 6, "x3": 8, "x4": 0}}}