{"2": {"val_score": [0.528556858745538, 1.0], "test_score": [0.528556858745538, 1.0], "time": "14/01/2023, 16:36:06", "config": {"x0": 3, "x1": 8, "x2": 0, "x3": 6, "x4": 0}}}