{"2": {"val_score": [0.528556858745538, 1.0], "test_score": [0.528556858745538, 1.0], "time": "14/01/2023, 16:36:54", "config": {"x0": 9, "x1": 1, "x2": 1, "x3": 6, "x4": 4}}}