{"2": {"val_score": [0.528556858745538, 1.0], "test_score": [0.528556858745538, 1.0], "time": "14/01/2023, 16:02:51", "config": {"x0": 9, "x1": 3, "x2": 3, "x3": 4, "x4": 3}}}