{"2": {"val_score": [0.528556858745538, 1.0], "test_score": [0.528556858745538, 1.0], "time": "14/01/2023, 16:37:06", "config": {"x0": 8, "x1": 1, "x2": 5, "x3": 5, "x4": 2}}}