{"2": {"val_score": [0.528556858745538, 1.0], "test_score": [0.528556858745538, 1.0], "time": "14/01/2023, 16:37:16", "config": {"x0": 5, "x1": 3, "x2": 8, "x3": 8, "x4": 4}}}