{"2": {"val_score": [0.528556858745538, 1.0], "test_score": [0.528556858745538, 1.0], "time": "14/01/2023, 16:37:34", "config": {"x0": 4, "x1": 6, "x2": 9, "x3": 0, "x4": 2}}}