{"2": {"val_score": [0.5303059457379258, 0.9971056439942113], "test_score": [0.5309053603488074, 0.9985528219971056], "time": "14/01/2023, 16:38:33", "config": {"x0": 1, "x1": 7, "x2": 6, "x3": 1, "x4": 4}}}