{"2": {"val_score": [0.5300710946006533, 0.9980704293294742], "test_score": [0.5302478321104213, 0.997009165460685], "time": "14/01/2023, 16:38:35", "config": {"x0": 6, "x1": 6, "x2": 9, "x3": 0, "x4": 4}}}