{"2": {"val_score": [0.5303945508289423, 0.9954172696575012], "test_score": [0.5300740283775447, 0.9947901591895804], "time": "14/01/2023, 16:38:37", "config": {"x0": 1, "x1": 0, "x2": 8, "x3": 0, "x4": 4}}}