{"2": {"val_score": [0.5518080432578574, 0.9845634346357935], "test_score": [0.5508529475275319, 0.9844669561022672], "time": "14/01/2023, 16:38:43", "config": {"x0": 5, "x1": 5, "x2": 0, "x3": 2, "x4": 2}}}