{"2": {"val_score": [0.7451805117420259, 0.5127834056922335], "test_score": [0.7384636832566569, 0.5110467920887602], "time": "14/01/2023, 16:38:50", "config": {"x0": 2, "x1": 1, "x2": 4, "x3": 1, "x4": 6}}}