{"2": {"val_score": [0.5733167082294265, 0.8317655571635311], "test_score": [0.5731080088170463, 0.8277858176555717], "time": "14/01/2023, 16:03:22", "config": {"x0": 1, "x1": 0, "x2": 5, "x3": 5, "x4": 4}}}