{"2": {"val_score": [0.528556858745538, 1.0], "test_score": [0.528556858745538, 1.0], "time": "14/01/2023, 18:01:14", "config": {"x0": 3, "x1": 3, "x2": 7, "x3": 4, "x4": 2}}}