{"2": {"val_score": [0.528556858745538, 1.0], "test_score": [0.528556858745538, 1.0], "time": "14/01/2023, 18:01:36", "config": {"x0": 1, "x1": 4, "x2": 7, "x3": 0, "x4": 0}}}