{"2": {"val_score": [0.7961481481481482, 0.3240472744814279], "test_score": [0.7808421571041615, 0.3059334298118669], "time": "14/01/2023, 18:01:45", "config": {"x0": 0, "x1": 6, "x2": 2, "x3": 3, "x4": 6}}}