{"2": {"val_score": [0.6131996658312447, 0.6196333815726001], "test_score": [0.6131548536209553, 0.614278822961891], "time": "14/01/2023, 18:01:59", "config": {"x0": 7, "x1": 7, "x2": 5, "x3": 5, "x4": 5}}}