{"2": {"val_score": [0.5705971458183847, 0.8631210805595755], "test_score": [0.5677853200532893, 0.8634828750602991], "time": "14/01/2023, 18:02:57", "config": {"x0": 4, "x1": 6, "x2": 8, "x3": 2, "x4": 6}}}