{"2": {"val_score": [0.528556858745538, 1.0], "test_score": [0.528556858745538, 1.0], "time": "14/01/2023, 18:03:17", "config": {"x0": 4, "x1": 7, "x2": 7, "x3": 8, "x4": 0}}}