{"2": {"val_score": [0.8333333333333334, 0.000602990834539315], "test_score": [1.0, 0.000482392667631452], "time": "14/01/2023, 18:04:08", "config": {"x0": 5, "x1": 1, "x2": 2, "x3": 1, "x4": 8}}}