{"2": {"val_score": [0.528556858745538, 1.0], "test_score": [0.528556858745538, 1.0], "time": "14/01/2023, 18:05:45", "config": {"x0": 8, "x1": 8, "x2": 8, "x3": 5, "x4": 3}}}