{"2": {"val_score": [0.7791164658634538, 0.11698022190062711], "test_score": [0.777643504531722, 0.12416787264833574], "time": "14/01/2023, 18:06:02", "config": {"x0": 2, "x1": 9, "x2": 4, "x3": 2, "x4": 6}}}