{"2": {"val_score": [0.66319491410794, 0.5912928123492522], "test_score": [0.6578947368421053, 0.5716353111432706], "time": "14/01/2023, 18:06:24", "config": {"x0": 7, "x1": 5, "x2": 6, "x3": 0, "x4": 4}}}