{"2": {"val_score": [0.5379386877514218, 0.9353593825373855], "test_score": [0.5384361596832729, 0.9447178002894356], "time": "14/01/2023, 18:08:00", "config": {"x0": 8, "x1": 1, "x2": 6, "x3": 9, "x4": 5}}}