{"2": {"val_score": [0.8695652173913043, 0.00723589001447178], "test_score": [0.9478260869565217, 0.010516160154365654], "time": "14/01/2023, 18:08:21", "config": {"x0": 7, "x1": 6, "x2": 4, "x3": 1, "x4": 7}}}