{"2": {"val_score": [0.5623235175473982, 0.8405692233478052], "test_score": [0.5628380118465104, 0.8434153400868307], "time": "14/01/2023, 18:08:36", "config": {"x0": 7, "x1": 1, "x2": 7, "x3": 6, "x4": 5}}}