{"2": {"val_score": [0.5985401459854015, 0.12855764592378197], "test_score": [0.6077910579902612, 0.13246502653159672], "time": "14/01/2023, 18:09:29", "config": {"x0": 0, "x1": 2, "x2": 5, "x3": 9, "x4": 5}}}