{"2": {"val_score": [0.7101063829787234, 0.1609985528219971], "test_score": [0.6764827872252177, 0.15735648818137965], "time": "14/01/2023, 18:09:42", "config": {"x0": 7, "x1": 3, "x2": 0, "x3": 7, "x4": 6}}}