{"2": {"val_score": [0.5688747125584156, 0.9248673420164013], "test_score": [0.5692234623604845, 0.9250361794500723], "time": "14/01/2023, 17:57:26", "config": {"x0": 3, "x1": 0, "x2": 6, "x3": 1, "x4": 3}}}