{"2": {"val_score": [0.34782608695652173, 0.000964785335262904], "test_score": [0.48484848484848486, 0.0015436565364206464], "time": "14/01/2023, 18:10:53", "config": {"x0": 7, "x1": 9, "x2": 5, "x3": 8, "x4": 6}}}