{"2": {"val_score": [0.7703535517353227, 0.28642064640617465], "test_score": [0.7699067909454061, 0.27891944042450556], "time": "14/01/2023, 18:11:04", "config": {"x0": 8, "x1": 1, "x2": 4, "x3": 3, "x4": 5}}}