{"2": {"val_score": [0.528534081489511, 0.9996382054992764], "test_score": [0.5285867292293569, 0.9999035214664737], "time": "14/01/2023, 18:11:24", "config": {"x0": 8, "x1": 6, "x2": 6, "x3": 8, "x4": 4}}}