{"2": {"val_score": [0.5440132513014672, 0.554510371442354], "test_score": [0.5515272623465601, 0.5591895803183792], "time": "14/01/2023, 18:11:26", "config": {"x0": 2, "x1": 3, "x2": 8, "x3": 9, "x4": 5}}}