{"2": {"val_score": [0.6216867469879518, 0.12445730824891461], "test_score": [0.6287206266318538, 0.11616015436565365], "time": "14/01/2023, 18:11:43", "config": {"x0": 5, "x1": 7, "x2": 8, "x3": 6, "x4": 5}}}