{"2": {"val_score": [0.5364615490155725, 0.9430776652194887], "test_score": [0.535724077425015, 0.9425952725518573], "time": "14/01/2023, 18:12:21", "config": {"x0": 7, "x1": 7, "x2": 7, "x3": 6, "x4": 4}}}