{"2": {"val_score": [0.631578947368421, 0.01881331403762663], "test_score": [0.5993788819875776, 0.018620356970574046], "time": "14/01/2023, 18:12:27", "config": {"x0": 6, "x1": 7, "x2": 5, "x3": 6, "x4": 5}}}