{"2": {"val_score": [0.5483938401505122, 0.9491075735648818], "test_score": [0.549159192825112, 0.945200192957067], "time": "14/01/2023, 18:12:49", "config": {"x0": 3, "x1": 4, "x2": 8, "x3": 0, "x4": 4}}}