{"2": {"val_score": [0.5769791160757649, 0.8596237337192475], "test_score": [0.5775777734298572, 0.8544138929088277], "time": "14/01/2023, 18:13:25", "config": {"x0": 1, "x1": 5, "x2": 6, "x3": 1, "x4": 5}}}