{"2": {"val_score": [0.639275532450109, 0.45972021225277376], "test_score": [0.6351479130082399, 0.45364206464061746], "time": "14/01/2023, 18:13:45", "config": {"x0": 0, "x1": 0, "x2": 5, "x3": 6, "x4": 5}}}