{"2": {"val_score": [0.5451413303332865, 0.9349975880366619], "test_score": [0.543702451394759, 0.9308248914616498], "time": "14/01/2023, 18:14:09", "config": {"x0": 3, "x1": 0, "x2": 8, "x3": 4, "x4": 5}}}