{"2": {"val_score": [0.7439577039274925, 0.11878919440424505], "test_score": [0.743475493316359, 0.11268692715870719], "time": "14/01/2023, 18:14:31", "config": {"x0": 9, "x1": 5, "x2": 7, "x3": 1, "x4": 5}}}