{"2": {"val_score": [0.5285941982786101, 0.9998794018330921], "test_score": [0.5285867292293569, 0.9999035214664737], "time": "14/01/2023, 18:14:38", "config": {"x0": 2, "x1": 0, "x2": 8, "x3": 1, "x4": 4}}}