{"2": {"val_score": [0.7097009482129832, 0.1173420164013507], "test_score": [0.7160194174757282, 0.11384466956102267], "time": "14/01/2023, 18:14:59", "config": {"x0": 4, "x1": 2, "x2": 8, "x3": 2, "x4": 5}}}