{"2": {"val_score": [0.5718432510885341, 0.14254703328509408], "test_score": [0.5479245283018868, 0.14008683068017366], "time": "14/01/2023, 18:15:36", "config": {"x0": 7, "x1": 7, "x2": 8, "x3": 9, "x4": 5}}}