{"2": {"val_score": [0.7150520668980751, 0.27327544621321753], "test_score": [0.7176054559232129, 0.274095513748191], "time": "14/01/2023, 17:57:05", "config": {"x0": 1, "x1": 6, "x2": 4, "x3": 5, "x4": 4}}}