{"2": {"val_score": [0.528556858745538, 1.0], "test_score": [0.528556858745538, 1.0], "time": "14/01/2023, 18:16:20", "config": {"x0": 0, "x1": 9, "x2": 4, "x3": 6, "x4": 5}}}