{"2": {"val_score": [0.629418472063854, 0.13314037626628075], "test_score": [0.6171480972031178, 0.12986010612638688], "time": "14/01/2023, 18:17:09", "config": {"x0": 7, "x1": 1, "x2": 9, "x3": 7, "x4": 5}}}