{"2": {"val_score": [0.6363636363636364, 0.003376748673420164], "test_score": [0.46938775510204084, 0.002219006271104679], "time": "14/01/2023, 18:17:50", "config": {"x0": 1, "x1": 7, "x2": 1, "x3": 8, "x4": 5}}}