{"2": {"val_score": [0.5862640719085435, 0.8101784852870236], "test_score": [0.5859594822734947, 0.803666184273999], "time": "14/01/2023, 18:17:55", "config": {"x0": 5, "x1": 6, "x2": 8, "x3": 0, "x4": 4}}}