{"2": {"val_score": [0.7666666666666667, 0.008321273516642547], "test_score": [0.8409090909090909, 0.010709117221418235], "time": "14/01/2023, 18:17:59", "config": {"x0": 2, "x1": 6, "x2": 7, "x3": 2, "x4": 5}}}