{"2": {"val_score": [0.528556858745538, 1.0], "test_score": [0.528556858745538, 1.0], "time": "14/01/2023, 17:58:11", "config": {"x0": 3, "x1": 6, "x2": 4, "x3": 9, "x4": 2}}}