{"2": {"val_score": [0.6176470588235294, 0.005065123010130246], "test_score": [0.627906976744186, 0.005209840810419681], "time": "14/01/2023, 18:18:54", "config": {"x0": 1, "x1": 2, "x2": 7, "x3": 7, "x4": 5}}}