{"2": {"val_score": [0.8461538461538461, 0.002653159671972986], "test_score": [0.8235294117647058, 0.002701398938736131], "time": "14/01/2023, 18:19:01", "config": {"x0": 4, "x1": 4, "x2": 6, "x3": 3, "x4": 5}}}