{"2": {"val_score": [0.7727272727272727, 0.002050168837433671], "test_score": [0.7428571428571429, 0.0025084418716835506], "time": "14/01/2023, 18:20:01", "config": {"x0": 0, "x1": 4, "x2": 9, "x3": 1, "x4": 5}}}