{"2": {"val_score": [0.7793103448275862, 0.01362759286058852], "test_score": [0.802547770700637, 0.01215629522431259], "time": "14/01/2023, 18:20:06", "config": {"x0": 7, "x1": 2, "x2": 7, "x3": 1, "x4": 5}}}