{"2": {"val_score": [0.528556858745538, 1.0], "test_score": [0.528556858745538, 1.0], "time": "14/01/2023, 18:20:09", "config": {"x0": 7, "x1": 7, "x2": 1, "x3": 8, "x4": 1}}}