{"2": {"val_score": [0.6666666666666666, 0.000241196333815726], "test_score": [1.0, 0.0002894356005788712], "time": "14/01/2023, 18:21:51", "config": {"x0": 5, "x1": 2, "x2": 4, "x3": 5, "x4": 6}}}