{"2": {"val_score": [0.6415584415584416, 0.23830197780993728], "test_score": [0.6339642761930152, 0.22942595272551858], "time": "14/01/2023, 18:21:52", "config": {"x0": 0, "x1": 7, "x2": 0, "x3": 9, "x4": 5}}}