{"2": {"val_score": [0.6, 0.000361794500723589], "test_score": [0.5, 0.0001929570670525808], "time": "14/01/2023, 18:21:58", "config": {"x0": 9, "x1": 7, "x2": 4, "x3": 4, "x4": 6}}}