{"2": {"val_score": [0.5411635565312843, 0.8918234442836469], "test_score": [0.5440675976998005, 0.8945489628557646], "time": "14/01/2023, 17:58:45", "config": {"x0": 4, "x1": 5, "x2": 9, "x3": 3, "x4": 5}}}