{"2": {"val_score": [0.528556858745538, 1.0], "test_score": [0.528556858745538, 1.0], "time": "14/01/2023, 18:23:24", "config": {"x0": 0, "x1": 8, "x2": 6, "x3": 7, "x4": 3}}}