{"2": {"val_score": [0.5285641418005611, 0.9997588036661843], "test_score": [0.5286377314224512, 1.0], "time": "14/01/2023, 18:24:06", "config": {"x0": 6, "x1": 6, "x2": 7, "x3": 2, "x4": 5}}}