{"2": {"val_score": [0.5794234446242095, 0.9501929570670525], "test_score": [0.5807253150328344, 0.9470332850940666], "time": "14/01/2023, 17:58:48", "config": {"x0": 6, "x1": 2, "x2": 3, "x3": 0, "x4": 2}}}