{"2": {"val_score": [0.528556858745538, 1.0], "test_score": [0.528556858745538, 1.0], "time": "14/01/2023, 18:24:30", "config": {"x0": 2, "x1": 6, "x2": 8, "x3": 1, "x4": 2}}}