{"2": {"val_score": [0.6996031746031746, 0.21261456825856248], "test_score": [0.6867547534643893, 0.20559575494452484], "time": "14/01/2023, 17:58:54", "config": {"x0": 0, "x1": 4, "x2": 1, "x3": 7, "x4": 6}}}