{"2": {"val_score": [0.528556858745538, 1.0], "test_score": [0.528556858745538, 1.0], "time": "14/01/2023, 18:26:20", "config": {"x0": 0, "x1": 7, "x2": 0, "x3": 2, "x4": 1}}}