{"2": {"val_score": [0.541875626880642, 0.5212252773757838], "test_score": [0.532703707424897, 0.5115291847563918], "time": "14/01/2023, 17:57:05", "config": {"x0": 9, "x1": 7, "x2": 8, "x3": 5, "x4": 5}}}