{"2": {"val_score": [0.528556858745538, 1.0], "test_score": [0.528556858745538, 1.0], "time": "14/01/2023, 18:26:45", "config": {"x0": 2, "x1": 5, "x2": 0, "x3": 9, "x4": 3}}}