{"2": {"val_score": [0.528556858745538, 1.0], "test_score": [0.528556858745538, 1.0], "time": "14/01/2023, 18:26:53", "config": {"x0": 2, "x1": 9, "x2": 1, "x3": 1, "x4": 2}}}