{"2": {"val_score": [0.5285268056352393, 0.9998794018330921], "test_score": [0.528556858745538, 1.0], "time": "14/01/2023, 18:27:14", "config": {"x0": 2, "x1": 1, "x2": 3, "x3": 0, "x4": 1}}}