{"2": {"val_score": [0.6080437466925384, 0.4157018813314038], "test_score": [0.6213704994192799, 0.4129281234925229], "time": "14/01/2023, 17:58:56", "config": {"x0": 0, "x1": 1, "x2": 5, "x3": 8, "x4": 5}}}