{"2": {"val_score": [0.528556858745538, 1.0], "test_score": [0.528556858745538, 1.0], "time": "14/01/2023, 18:27:37", "config": {"x0": 8, "x1": 6, "x2": 4, "x3": 4, "x4": 3}}}