{"2": {"val_score": [0.528556858745538, 1.0], "test_score": [0.528556858745538, 1.0], "time": "14/01/2023, 18:28:44", "config": {"x0": 3, "x1": 7, "x2": 8, "x3": 4, "x4": 0}}}