{"2": {"val_score": [0.5889514334336955, 0.5425711529184757], "test_score": [0.5935737844451537, 0.5382537385431742], "time": "14/01/2023, 18:29:05", "config": {"x0": 3, "x1": 6, "x2": 5, "x3": 7, "x4": 5}}}