{"2": {"val_score": [0.8333333333333334, 0.000602990834539315], "test_score": [1.0, 0.0012542209358417753], "time": "14/01/2023, 18:29:12", "config": {"x0": 4, "x1": 1, "x2": 6, "x3": 1, "x4": 6}}}