{"2": {"val_score": [0.741523733546071, 0.22419199228171732], "test_score": [0.7478688524590164, 0.2200675349734684], "time": "14/01/2023, 18:29:24", "config": {"x0": 5, "x1": 1, "x2": 7, "x3": 1, "x4": 6}}}