{"2": {"val_score": [0.528556858745538, 1.0], "test_score": [0.528556858745538, 1.0], "time": "14/01/2023, 18:31:02", "config": {"x0": 8, "x1": 7, "x2": 5, "x3": 0, "x4": 2}}}