{"2": {"val_score": [0.5285677847213366, 0.9996382054992764], "test_score": [0.528694587563128, 0.9999035214664737], "time": "14/01/2023, 18:31:22", "config": {"x0": 3, "x1": 6, "x2": 1, "x3": 6, "x4": 4}}}