{"2": {"val_score": [0.5439133681852129, 0.8783164495899662], "test_score": [0.5412691829116549, 0.8813314037626628], "time": "14/01/2023, 17:59:17", "config": {"x0": 4, "x1": 9, "x2": 0, "x3": 8, "x4": 4}}}