{"2": {"val_score": [0.7222222222222222, 0.001567776169802219], "test_score": [0.7647058823529411, 0.0012542209358417753], "time": "14/01/2023, 18:32:15", "config": {"x0": 5, "x1": 2, "x2": 8, "x3": 2, "x4": 4}}}