{"2": {"val_score": [0.561037899683318, 0.6623251326579837], "test_score": [0.556861133935908, 0.65383502170767], "time": "14/01/2023, 18:32:16", "config": {"x0": 2, "x1": 4, "x2": 8, "x3": 4, "x4": 4}}}