{"2": {"val_score": [0.528556858745538, 1.0], "test_score": [0.528556858745538, 1.0], "time": "14/01/2023, 18:33:16", "config": {"x0": 2, "x1": 4, "x2": 1, "x3": 1, "x4": 1}}}