{"2": {"val_score": [0.528556858745538, 1.0], "test_score": [0.528556858745538, 1.0], "time": "14/01/2023, 18:34:26", "config": {"x0": 6, "x1": 6, "x2": 5, "x3": 1, "x4": 0}}}