{"2": {"val_score": [0.5443553774215096, 0.9827544621321755], "test_score": [0.5436696366643546, 0.9831162566328991], "time": "14/01/2023, 18:34:43", "config": {"x0": 5, "x1": 0, "x2": 6, "x3": 1, "x4": 3}}}