{"2": {"val_score": [0.681185944363104, 0.6732995658465991], "test_score": [0.685883514313919, 0.6703328509406657], "time": "14/01/2023, 18:34:52", "config": {"x0": 3, "x1": 3, "x2": 4, "x3": 1, "x4": 5}}}