{"2": {"val_score": [0.6654471544715447, 0.5922575976845152], "test_score": [0.6651867893881971, 0.592667631452002], "time": "14/01/2023, 17:59:31", "config": {"x0": 9, "x1": 5, "x2": 6, "x3": 0, "x4": 5}}}