{"2": {"val_score": [0.528556858745538, 1.0], "test_score": [0.528556858745538, 1.0], "time": "14/01/2023, 17:59:34", "config": {"x0": 2, "x1": 7, "x2": 4, "x3": 3, "x4": 2}}}