{"2": {"val_score": [0.6254716113002668, 0.8197057404727448], "test_score": [0.627993179627845, 0.817269657501206], "time": "14/01/2023, 17:59:49", "config": {"x0": 0, "x1": 3, "x2": 1, "x3": 3, "x4": 4}}}