{"2": {"val_score": [0.5536719139539853, 0.9374095513748191], "test_score": [0.5547608148317693, 0.9353593825373855], "time": "14/01/2023, 18:00:04", "config": {"x0": 9, "x1": 9, "x2": 4, "x3": 0, "x4": 4}}}