{"2": {"val_score": [0.6157601115760112, 0.7454172696575012], "test_score": [0.615698511761882, 0.7424023154848046], "time": "14/01/2023, 18:00:05", "config": {"x0": 2, "x1": 2, "x2": 2, "x3": 6, "x4": 5}}}