{"2": {"val_score": [0.8816568047337278, 0.017969126869271587], "test_score": [0.8913043478260869, 0.019778099372889532], "time": "14/01/2023, 18:00:17", "config": {"x0": 7, "x1": 9, "x2": 4, "x3": 0, "x4": 6}}}