{"2": {"val_score": [0.881578947368421, 0.008080077182826821], "test_score": [0.9090909090909091, 0.008683068017366137], "time": "14/01/2023, 18:00:27", "config": {"x0": 2, "x1": 1, "x2": 0, "x3": 4, "x4": 6}}}