{"2": {"val_score": [0.5458028323185332, 0.962132175590931], "test_score": [0.5473932350200099, 0.9633381572600096], "time": "14/01/2023, 14:05:00", "config": {"x0": 7, "x1": 4, "x2": 5, "x3": 3, "x4": 5}}}