{"2": {"val_score": [0.5284848484848484, 0.9990352146647371], "test_score": [0.5286523447466449, 0.9995176073323685], "time": "14/01/2023, 14:09:05", "config": {"x0": 9, "x1": 3, "x2": 9, "x3": 6, "x4": 4}}}