{"2": {"val_score": [0.6882382508167881, 0.6605161601543657], "test_score": [0.698955560106492, 0.6585624698504583], "time": "14/01/2023, 14:04:59", "config": {"x0": 7, "x1": 1, "x2": 3, "x3": 1, "x4": 5}}}