{"2": {"val_score": [0.528556858745538, 1.0], "test_score": [0.528556858745538, 1.0], "time": "14/01/2023, 14:05:00", "config": {"x0": 0, "x1": 3, "x2": 6, "x3": 9, "x4": 4}}}