{"2": {"val_score": [0.5871451104100947, 0.179570670525808], "test_score": [0.5977229601518027, 0.18234442836468887], "time": "14/01/2023, 14:05:00", "config": {"x0": 7, "x1": 4, "x2": 2, "x3": 9, "x4": 6}}}