{"2": {"val_score": [0.5894786284640676, 0.7567534973468403], "test_score": [0.591498778998779, 0.7478051133622768], "time": "14/01/2023, 14:11:04", "config": {"x0": 8, "x1": 7, "x2": 2, "x3": 5, "x4": 5}}}