{"2": {"val_score": [0.6444444444444445, 0.6714905933429812], "test_score": [0.6427503736920778, 0.6637723106608779], "time": "14/01/2023, 14:11:32", "config": {"x0": 8, "x1": 8, "x2": 4, "x3": 2, "x4": 5}}}