{"2": {"val_score": [0.8333333333333334, 0.00241196333815726], "test_score": [0.8518518518518519, 0.002219006271104679], "time": "14/01/2023, 14:11:55", "config": {"x0": 8, "x1": 1, "x2": 9, "x3": 1, "x4": 6}}}