{"2": {"val_score": [0.6029506093649776, 0.11336227689339122], "test_score": [0.6076555023923444, 0.11027496382054992], "time": "14/01/2023, 14:12:44", "config": {"x0": 9, "x1": 5, "x2": 7, "x3": 8, "x4": 4}}}