{"2": {"val_score": [0.6419213973799127, 0.19500723589001448], "test_score": [0.6720277514979501, 0.20559575494452484], "time": "14/01/2023, 14:13:52", "config": {"x0": 2, "x1": 5, "x2": 2, "x3": 6, "x4": 5}}}