{"2": {"val_score": [0.528556858745538, 1.0], "test_score": [0.528556858745538, 1.0], "time": "14/01/2023, 14:14:15", "config": {"x0": 1, "x1": 6, "x2": 2, "x3": 7, "x4": 3}}}