{"2": {"val_score": [0.5297248182762202, 0.9843222383019778], "test_score": [0.5301373412801244, 0.9868789194404245], "time": "14/01/2023, 14:14:29", "config": {"x0": 9, "x1": 0, "x2": 8, "x3": 8, "x4": 5}}}