{"2": {"val_score": [0.528556858745538, 1.0], "test_score": [0.528556858745538, 1.0], "time": "14/01/2023, 14:14:51", "config": {"x0": 8, "x1": 4, "x2": 3, "x3": 9, "x4": 2}}}