{"2": {"val_score": [0.7320261437908496, 0.013506994693680656], "test_score": [0.6756756756756757, 0.0120598166907863], "time": "14/01/2023, 14:15:06", "config": {"x0": 6, "x1": 9, "x2": 9, "x3": 2, "x4": 5}}}