{"2": {"val_score": [0.3, 0.000361794500723589], "test_score": [0.16666666666666666, 9.64785335262904e-05], "time": "14/01/2023, 14:15:08", "config": {"x0": 1, "x1": 3, "x2": 9, "x3": 8, "x4": 5}}}