{"2": {"val_score": [0.6770589763574955, 0.6285576459237819], "test_score": [0.67421948418085, 0.6229618909792571], "time": "14/01/2023, 14:15:35", "config": {"x0": 6, "x1": 3, "x2": 2, "x3": 4, "x4": 5}}}