{"2": {"val_score": [0.6464063384267119, 0.6887361312108056], "test_score": [0.6474219317356572, 0.6880849011095032], "time": "14/01/2023, 14:15:35", "config": {"x0": 1, "x1": 2, "x2": 2, "x3": 4, "x4": 5}}}