{"2": {"val_score": [0.6543778801843319, 0.2226242161119151], "test_score": [0.671021377672209, 0.21804148576941632], "time": "14/01/2023, 14:15:36", "config": {"x0": 4, "x1": 3, "x2": 4, "x3": 6, "x4": 5}}}