{"2": {"val_score": [0.6067692307692307, 0.11890979257115292], "test_score": [0.6152716593245228, 0.12127351664254703], "time": "14/01/2023, 14:15:43", "config": {"x0": 1, "x1": 0, "x2": 9, "x3": 3, "x4": 5}}}