{"2": {"val_score": [0.570419741331429, 0.8669802219006271], "test_score": [0.5723114169215087, 0.8666666666666667], "time": "14/01/2023, 14:15:50", "config": {"x0": 4, "x1": 0, "x2": 7, "x3": 1, "x4": 5}}}