{"2": {"val_score": [0.8, 0.000482392667631452], "test_score": [0.6666666666666666, 0.0001929570670525808], "time": "14/01/2023, 14:16:28", "config": {"x0": 6, "x1": 7, "x2": 3, "x3": 5, "x4": 6}}}