{"2": {"val_score": [0.793168880455408, 0.050410033767486734], "test_score": [0.8147013782542113, 0.05132657983598649], "time": "14/01/2023, 14:16:43", "config": {"x0": 7, "x1": 8, "x2": 3, "x3": 4, "x4": 6}}}