{"2": {"val_score": [0.8067226890756303, 0.011577424023154847], "test_score": [0.7380952380952381, 0.008972503617945007], "time": "14/01/2023, 14:17:00", "config": {"x0": 9, "x1": 7, "x2": 6, "x3": 3, "x4": 5}}}