{"2": {"val_score": [0.5938873351977627, 0.7170767004341534], "test_score": [0.5931656995486783, 0.7100820067534973], "time": "14/01/2023, 14:17:17", "config": {"x0": 1, "x1": 5, "x2": 9, "x3": 0, "x4": 4}}}