{"2": {"val_score": [0.528556858745538, 1.0], "test_score": [0.528556858745538, 1.0], "time": "14/01/2023, 14:17:29", "config": {"x0": 1, "x1": 4, "x2": 9, "x3": 5, "x4": 0}}}