{"2": {"val_score": [0.6452888826105382, 0.5508924264351182], "test_score": [0.654172971714585, 0.5422093584177521], "time": "14/01/2023, 14:17:40", "config": {"x0": 1, "x1": 6, "x2": 5, "x3": 2, "x4": 5}}}