{"2": {"val_score": [0.528556858745538, 1.0], "test_score": [0.528556858745538, 1.0], "time": "14/01/2023, 14:17:58", "config": {"x0": 5, "x1": 1, "x2": 1, "x3": 2, "x4": 0}}}