{"2": {"val_score": [0.5311927228294073, 0.943680656054028], "test_score": [0.5314915932313348, 0.9484804630969609], "time": "14/01/2023, 14:18:31", "config": {"x0": 1, "x1": 8, "x2": 8, "x3": 6, "x4": 5}}}