{"2": {"val_score": [0.528556858745538, 1.0], "test_score": [0.528556858745538, 1.0], "time": "14/01/2023, 14:18:38", "config": {"x0": 3, "x1": 9, "x2": 0, "x3": 7, "x4": 2}}}