{"2": {"val_score": [0.528556858745538, 1.0], "test_score": [0.528556858745538, 1.0], "time": "14/01/2023, 14:05:44", "config": {"x0": 1, "x1": 6, "x2": 0, "x3": 2, "x4": 1}}}