{"2": {"val_score": [0.6603841971728888, 0.6591895803183792], "test_score": [0.6603662716678093, 0.6505547515677762], "time": "14/01/2023, 14:05:44", "config": {"x0": 3, "x1": 2, "x2": 0, "x3": 5, "x4": 5}}}