{"2": {"val_score": [0.528556858745538, 1.0], "test_score": [0.528556858745538, 1.0], "time": "14/01/2023, 14:19:56", "config": {"x0": 8, "x1": 8, "x2": 5, "x3": 3, "x4": 2}}}