{"2": {"val_score": [0.528556858745538, 1.0], "test_score": [0.5285838135550003, 1.0], "time": "14/01/2023, 14:20:02", "config": {"x0": 1, "x1": 2, "x2": 5, "x3": 4, "x4": 4}}}