{"2": {"val_score": [0.528556858745538, 1.0], "test_score": [0.528556858745538, 1.0], "time": "14/01/2023, 14:05:45", "config": {"x0": 3, "x1": 5, "x2": 5, "x3": 2, "x4": 0}}}