{"2": {"val_score": [0.5534956127936598, 0.9433188615533044], "test_score": [0.5508599230595157, 0.9394114809454897], "time": "14/01/2023, 14:20:12", "config": {"x0": 6, "x1": 1, "x2": 7, "x3": 2, "x4": 5}}}