{"2": {"val_score": [0.6304271912466535, 0.653159671972986], "test_score": [0.6319286256643888, 0.6423540762180415], "time": "14/01/2023, 14:06:05", "config": {"x0": 2, "x1": 2, "x2": 7, "x3": 1, "x4": 5}}}