{"2": {"val_score": [0.6032649393440168, 0.4857694163048722], "test_score": [0.5933252427184466, 0.4716835504100338], "time": "14/01/2023, 14:22:05", "config": {"x0": 8, "x1": 0, "x2": 5, "x3": 8, "x4": 5}}}