{"2": {"val_score": [0.5371566470295975, 0.9126869271587071], "test_score": [0.5351522698969773, 0.9121080559575494], "time": "14/01/2023, 14:23:00", "config": {"x0": 2, "x1": 2, "x2": 5, "x3": 9, "x4": 5}}}