{"2": {"val_score": [0.5284703181789199, 0.9995176073323685], "test_score": [0.5286763955505663, 0.9996140858658948], "time": "14/01/2023, 14:23:30", "config": {"x0": 0, "x1": 6, "x2": 9, "x3": 2, "x4": 5}}}