{"2": {"val_score": [0.528556858745538, 1.0], "test_score": [0.528556858745538, 1.0], "time": "14/01/2023, 14:24:03", "config": {"x0": 6, "x1": 6, "x2": 9, "x3": 4, "x4": 4}}}