{"2": {"val_score": [0.528556858745538, 1.0], "test_score": [0.528556858745538, 1.0], "time": "14/01/2023, 14:06:08", "config": {"x0": 9, "x1": 5, "x2": 7, "x3": 6, "x4": 1}}}