{"2": {"val_score": [0.528556858745538, 1.0], "test_score": [0.528556858745538, 1.0], "time": "14/01/2023, 14:25:04", "config": {"x0": 4, "x1": 5, "x2": 6, "x3": 8, "x4": 5}}}