{"2": {"val_score": [0.5454545454545454, 0.002170767004341534], "test_score": [0.45454545454545453, 0.001929570670525808], "time": "14/01/2023, 14:06:08", "config": {"x0": 1, "x1": 0, "x2": 6, "x3": 8, "x4": 5}}}