{"2": {"val_score": [0.528556858745538, 1.0], "test_score": [0.528556858745538, 1.0], "time": "14/01/2023, 14:25:23", "config": {"x0": 6, "x1": 8, "x2": 1, "x3": 2, "x4": 1}}}