{"2": {"val_score": [0.528556858745538, 1.0], "test_score": [0.528556858745538, 1.0], "time": "14/01/2023, 14:25:34", "config": {"x0": 7, "x1": 9, "x2": 7, "x3": 7, "x4": 1}}}