{"2": {"val_score": [0.528556858745538, 1.0], "test_score": [0.528556858745538, 1.0], "time": "14/01/2023, 14:25:38", "config": {"x0": 5, "x1": 6, "x2": 5, "x3": 9, "x4": 0}}}