{"2": {"val_score": [0.5794375116409015, 0.7503617945007236], "test_score": [0.5797090693186878, 0.7535938253738543], "time": "14/01/2023, 14:26:00", "config": {"x0": 6, "x1": 0, "x2": 4, "x3": 6, "x4": 5}}}