{"2": {"val_score": [0.528556858745538, 1.0], "test_score": [0.528556858745538, 1.0], "time": "14/01/2023, 14:26:19", "config": {"x0": 7, "x1": 1, "x2": 7, "x3": 7, "x4": 2}}}