{"2": {"val_score": [0.5345767575322812, 0.8986975397973951], "test_score": [0.5343616109682948, 0.9024602026049204], "time": "14/01/2023, 14:05:00", "config": {"x0": 9, "x1": 7, "x2": 4, "x3": 8, "x4": 5}}}