{"2": {"val_score": [0.6220472440944882, 0.009527255185721176], "test_score": [0.5909090909090909, 0.007525325615050651], "time": "14/01/2023, 14:28:07", "config": {"x0": 3, "x1": 0, "x2": 3, "x3": 9, "x4": 5}}}