{"2": {"val_score": [0.528556858745538, 1.0], "test_score": [0.528556858745538, 1.0], "time": "14/01/2023, 14:28:12", "config": {"x0": 3, "x1": 6, "x2": 8, "x3": 8, "x4": 2}}}