{"2": {"val_score": [0.528556858745538, 1.0], "test_score": [0.528556858745538, 1.0], "time": "14/01/2023, 14:28:39", "config": {"x0": 5, "x1": 8, "x2": 0, "x3": 9, "x4": 5}}}