{"2": {"val_score": [0.509090909090909, 0.003376748673420164], "test_score": [0.5277777777777778, 0.003666184273999035], "time": "14/01/2023, 14:29:44", "config": {"x0": 7, "x1": 6, "x2": 9, "x3": 9, "x4": 5}}}