{"2": {"val_score": [0.528556858745538, 1.0], "test_score": [0.528556858745538, 1.0], "time": "14/01/2023, 14:30:26", "config": {"x0": 6, "x1": 8, "x2": 7, "x3": 8, "x4": 3}}}