{"2": {"val_score": [0.6849693251533743, 0.2692957067052581], "test_score": [0.6807243860084347, 0.26473709599614087], "time": "14/01/2023, 14:30:29", "config": {"x0": 0, "x1": 7, "x2": 7, "x3": 1, "x4": 5}}}