{"2": {"val_score": [0.6735015772870663, 0.1544862518089725], "test_score": [0.6735270379338176, 0.16102267245537868], "time": "14/01/2023, 14:30:44", "config": {"x0": 6, "x1": 6, "x2": 3, "x3": 5, "x4": 5}}}