{"2": {"val_score": [0.6686197916666666, 0.2477086348287506], "test_score": [0.6768259198242724, 0.23781958514230583], "time": "14/01/2023, 14:30:56", "config": {"x0": 1, "x1": 1, "x2": 5, "x3": 6, "x4": 6}}}