{"2": {"val_score": [0.528534081489511, 0.9996382054992764], "test_score": [0.528727421165425, 0.9997105643994211], "time": "14/01/2023, 14:06:33", "config": {"x0": 6, "x1": 5, "x2": 8, "x3": 2, "x4": 4}}}