{"2": {"val_score": [0.8865248226950354, 0.015074770863482875], "test_score": [0.8695652173913043, 0.015436565364206465], "time": "14/01/2023, 14:06:31", "config": {"x0": 2, "x1": 9, "x2": 1, "x3": 0, "x4": 7}}}