{"2": {"val_score": [0.6131506849315068, 0.4048480463096961], "test_score": [0.6128985716346848, 0.4098408104196816], "time": "14/01/2023, 14:32:41", "config": {"x0": 7, "x1": 2, "x2": 7, "x3": 4, "x4": 4}}}