{"2": {"val_score": [0.6458682300390843, 0.5580077182826821], "test_score": [0.6515842261226351, 0.5515677761698022], "time": "14/01/2023, 14:32:45", "config": {"x0": 1, "x1": 2, "x2": 0, "x3": 6, "x4": 5}}}