{"2": {"val_score": [1.0, 0.000120598166907863], "test_score": [1.0, 0.0001929570670525808], "time": "14/01/2023, 14:32:56", "config": {"x0": 1, "x1": 5, "x2": 1, "x3": 3, "x4": 7}}}