{"2": {"val_score": [0.528556858745538, 1.0], "test_score": [0.528556858745538, 1.0], "time": "14/01/2023, 14:33:15", "config": {"x0": 3, "x1": 1, "x2": 8, "x3": 7, "x4": 3}}}