{"2": {"val_score": [0.5934103846817319, 0.8297153883260975], "test_score": [0.5947408589467842, 0.8270139893873613], "time": "14/01/2023, 14:06:33", "config": {"x0": 0, "x1": 2, "x2": 4, "x3": 2, "x4": 4}}}