{"2": {"val_score": [0.6268656716417911, 0.1316931982633864], "test_score": [0.6582397003745318, 0.1356488181379643], "time": "14/01/2023, 14:33:25", "config": {"x0": 6, "x1": 4, "x2": 9, "x3": 0, "x4": 6}}}