{"2": {"val_score": [0.6175115207373272, 0.032320308731307285], "test_score": [0.6457242582897034, 0.03569705740472745], "time": "14/01/2023, 14:34:15", "config": {"x0": 8, "x1": 9, "x2": 5, "x3": 6, "x4": 5}}}