{"2": {"val_score": [0.5974772249474422, 0.51410998552822], "test_score": [0.5903409090909091, 0.5012059816690786], "time": "14/01/2023, 14:35:00", "config": {"x0": 1, "x1": 9, "x2": 2, "x3": 6, "x4": 5}}}