{"2": {"val_score": [0.5858231522922462, 0.5840569223347805], "test_score": [0.5839167639050953, 0.5793535938253739], "time": "14/01/2023, 14:06:51", "config": {"x0": 8, "x1": 6, "x2": 5, "x3": 6, "x4": 6}}}