{"2": {"val_score": [0.6541272954180781, 0.44247467438494936], "test_score": [0.6439437428243399, 0.432899179932465], "time": "14/01/2023, 14:36:55", "config": {"x0": 8, "x1": 4, "x2": 0, "x3": 7, "x4": 5}}}