{"2": {"val_score": [0.8333333333333334, 0.00120598166907863], "test_score": [0.6363636363636364, 0.0006753497346840328], "time": "14/01/2023, 14:37:15", "config": {"x0": 2, "x1": 9, "x2": 9, "x3": 4, "x4": 5}}}