{"2": {"val_score": [0.8333333333333334, 0.00120598166907863], "test_score": [0.8666666666666667, 0.0012542209358417753], "time": "14/01/2023, 14:37:51", "config": {"x0": 3, "x1": 8, "x2": 5, "x3": 3, "x4": 5}}}