{"2": {"val_score": [0.528556858745538, 1.0], "test_score": [0.528556858745538, 1.0], "time": "14/01/2023, 14:37:56", "config": {"x0": 0, "x1": 5, "x2": 6, "x3": 4, "x4": 2}}}