{"2": {"val_score": [0.528556858745538, 1.0], "test_score": [0.528556858745538, 1.0], "time": "14/01/2023, 14:07:11", "config": {"x0": 6, "x1": 1, "x2": 8, "x3": 4, "x4": 4}}}