{"2": {"val_score": [0.6797664141414141, 0.519416304872166], "test_score": [0.6759506549662978, 0.5127834056922335], "time": "14/01/2023, 14:40:41", "config": {"x0": 9, "x1": 0, "x2": 4, "x3": 2, "x4": 5}}}