{"2": {"val_score": [0.6665154264972777, 0.17715870718765075], "test_score": [0.6618942731277533, 0.17395079594790158], "time": "14/01/2023, 14:40:45", "config": {"x0": 3, "x1": 4, "x2": 0, "x3": 8, "x4": 5}}}