{"2": {"val_score": [0.5737704918032787, 0.004220935841775205], "test_score": [0.5952380952380952, 0.00482392667631452], "time": "14/01/2023, 14:41:27", "config": {"x0": 7, "x1": 1, "x2": 7, "x3": 7, "x4": 5}}}