{"2": {"val_score": [0.528556858745538, 1.0], "test_score": [0.528556858745538, 1.0], "time": "14/01/2023, 14:42:26", "config": {"x0": 0, "x1": 7, "x2": 6, "x3": 2, "x4": 3}}}