{"2": {"val_score": [0.9394904458598726, 0.03557645923781959], "test_score": [0.916267942583732, 0.03695127834056922], "time": "14/01/2023, 14:42:40", "config": {"x0": 6, "x1": 0, "x2": 0, "x3": 4, "x4": 7}}}