{"2": {"val_score": [1.0, 0.000723589001447178], "test_score": [0.8333333333333334, 0.000964785335262904], "time": "14/01/2023, 14:42:45", "config": {"x0": 2, "x1": 6, "x2": 5, "x3": 3, "x4": 6}}}