{"2": {"val_score": [0.6645838540364909, 0.6413410516160154], "test_score": [0.6644023116698773, 0.632223830197781], "time": "14/01/2023, 14:04:59", "config": {"x0": 3, "x1": 6, "x2": 3, "x3": 2, "x4": 4}}}