{"2": {"val_score": [0.590568271507498, 0.36095031355523394], "test_score": [0.5786264441591784, 0.34790159189580316], "time": "14/01/2023, 14:07:34", "config": {"x0": 6, "x1": 6, "x2": 2, "x3": 8, "x4": 5}}}