{"2": {"val_score": [0.7047353760445683, 0.6102267245537868], "test_score": [0.70845054574097, 0.6074288470815243], "time": "14/01/2023, 14:07:37", "config": {"x0": 7, "x1": 4, "x2": 3, "x3": 2, "x4": 4}}}