{"2": {"val_score": [0.6657032755298651, 0.08333333333333333], "test_score": [0.629843363561418, 0.07370959961408587], "time": "14/01/2023, 14:04:59", "config": {"x0": 3, "x1": 6, "x2": 8, "x3": 3, "x4": 6}}}