{"2": {"val_score": [1.0, 0.000120598166907863], "test_score": [1.0, 9.64785335262904e-05], "time": "14/01/2023, 17:22:48", "config": {"x0": 7, "x1": 5, "x2": 6, "x3": 0, "x4": 6}}}