{"2": {"val_score": [0.5598811519122353, 0.8862759286058852], "test_score": [0.5607797462146754, 0.8825856246985045], "time": "14/01/2023, 17:18:25", "config": {"x0": 0, "x1": 3, "x2": 0, "x3": 7, "x4": 4}}}