{"2": {"val_score": [0.5431630416455909, 0.7770139893873613], "test_score": [0.54465801806697, 0.7736613603473227], "time": "14/01/2023, 17:23:04", "config": {"x0": 3, "x1": 5, "x2": 4, "x3": 9, "x4": 4}}}