{"2": {"val_score": [0.528556858745538, 1.0], "test_score": [0.528556858745538, 1.0], "time": "14/01/2023, 17:23:10", "config": {"x0": 2, "x1": 2, "x2": 9, "x3": 6, "x4": 1}}}