{"2": {"val_score": [0.5335285096891119, 0.9230583695127834], "test_score": [0.5332220367278798, 0.9244573082489146], "time": "14/01/2023, 17:24:34", "config": {"x0": 1, "x1": 9, "x2": 1, "x3": 9, "x4": 5}}}