{"2": {"val_score": [0.5644654088050315, 0.6494211287988423], "test_score": [0.5607349438584552, 0.6359864930053063], "time": "14/01/2023, 17:24:40", "config": {"x0": 8, "x1": 2, "x2": 9, "x3": 7, "x4": 5}}}