{"2": {"val_score": [0.6215880893300249, 0.5437771345875543], "test_score": [0.6172812083518436, 0.536227689339122], "time": "14/01/2023, 17:25:02", "config": {"x0": 0, "x1": 3, "x2": 3, "x3": 6, "x4": 5}}}