{"2": {"val_score": [0.528556858745538, 1.0], "test_score": [0.528556858745538, 1.0], "time": "14/01/2023, 17:25:03", "config": {"x0": 8, "x1": 5, "x2": 3, "x3": 7, "x4": 2}}}