{"2": {"val_score": [0.5286835556122774, 0.999155812831645], "test_score": [0.5289070480081716, 0.9991316931982633], "time": "14/01/2023, 17:25:38", "config": {"x0": 8, "x1": 3, "x2": 3, "x3": 8, "x4": 5}}}