{"2": {"val_score": [0.7192575406032483, 0.11215629522431259], "test_score": [0.7270486752926679, 0.11384466956102267], "time": "14/01/2023, 17:25:44", "config": {"x0": 3, "x1": 1, "x2": 0, "x3": 7, "x4": 5}}}