{"2": {"val_score": [0.685261424454508, 0.4014712976362759], "test_score": [0.6713671539122957, 0.3766521948866377], "time": "14/01/2023, 17:26:23", "config": {"x0": 6, "x1": 7, "x2": 0, "x3": 6, "x4": 5}}}