{"2": {"val_score": [0.6124553748512495, 0.37240713941148096], "test_score": [0.6064958380936837, 0.35851423058369514], "time": "14/01/2023, 17:26:27", "config": {"x0": 8, "x1": 9, "x2": 8, "x3": 2, "x4": 5}}}