{"2": {"val_score": [0.92, 0.002773757838880849], "test_score": [1.0, 0.003955619874577906], "time": "14/01/2023, 17:27:04", "config": {"x0": 9, "x1": 4, "x2": 5, "x3": 0, "x4": 7}}}