{"2": {"val_score": [0.528556858745538, 1.0], "test_score": [0.5285838135550003, 1.0], "time": "14/01/2023, 17:28:05", "config": {"x0": 1, "x1": 6, "x2": 1, "x3": 2, "x4": 2}}}