{"2": {"val_score": [0.5549348230912476, 0.8984563434635794], "test_score": [0.5553173752530666, 0.8997588036661843], "time": "14/01/2023, 17:28:28", "config": {"x0": 1, "x1": 5, "x2": 5, "x3": 5, "x4": 4}}}