{"2": {"val_score": [0.528556858745538, 1.0], "test_score": [0.528556858745538, 1.0], "time": "14/01/2023, 17:28:49", "config": {"x0": 4, "x1": 6, "x2": 6, "x3": 6, "x4": 2}}}