{"2": {"val_score": [0.528556858745538, 1.0], "test_score": [0.528556858745538, 1.0], "time": "14/01/2023, 17:29:11", "config": {"x0": 7, "x1": 6, "x2": 6, "x3": 1, "x4": 1}}}