{"2": {"val_score": [0.528556858745538, 1.0], "test_score": [0.528556858745538, 1.0], "time": "14/01/2023, 17:30:40", "config": {"x0": 0, "x1": 2, "x2": 1, "x3": 7, "x4": 3}}}