{"2": {"val_score": [0.528556858745538, 1.0], "test_score": [0.528556858745538, 1.0], "time": "14/01/2023, 17:32:43", "config": {"x0": 1, "x1": 2, "x2": 6, "x3": 3, "x4": 3}}}