{"2": {"val_score": [0.7449434350359959, 0.2620598166907863], "test_score": [0.7519685039370079, 0.25798359864930054], "time": "14/01/2023, 17:34:34", "config": {"x0": 4, "x1": 5, "x2": 7, "x3": 0, "x4": 5}}}