{"2": {"val_score": [0.5866032939095833, 0.6400144717800289], "test_score": [0.5903276677764149, 0.6500723589001447], "time": "14/01/2023, 17:34:46", "config": {"x0": 7, "x1": 1, "x2": 6, "x3": 5, "x4": 4}}}