{"2": {"val_score": [0.528556858745538, 1.0], "test_score": [0.528556858745538, 1.0], "time": "14/01/2023, 17:36:14", "config": {"x0": 9, "x1": 4, "x2": 0, "x3": 1, "x4": 0}}}