{"2": {"val_score": [0.7012987012987013, 0.019536903039073805], "test_score": [0.7583081570996979, 0.02421611191509889], "time": "14/01/2023, 17:36:42", "config": {"x0": 9, "x1": 7, "x2": 6, "x3": 4, "x4": 5}}}