{"2": {"val_score": [0.528556858745538, 1.0], "test_score": [0.528556858745538, 1.0], "time": "14/01/2023, 17:19:31", "config": {"x0": 9, "x1": 9, "x2": 0, "x3": 3, "x4": 2}}}