{"2": {"val_score": [0.528556858745538, 1.0], "test_score": [0.528556858745538, 1.0], "time": "14/01/2023, 17:38:20", "config": {"x0": 2, "x1": 4, "x2": 7, "x3": 7, "x4": 2}}}