{"2": {"val_score": [0.528556858745538, 1.0], "test_score": [0.528556858745538, 1.0], "time": "14/01/2023, 17:38:28", "config": {"x0": 6, "x1": 3, "x2": 1, "x3": 8, "x4": 3}}}