{"2": {"val_score": [0.668488160291439, 0.08851905451037144], "test_score": [0.6816816816816816, 0.08760250844187169], "time": "14/01/2023, 17:38:37", "config": {"x0": 3, "x1": 5, "x2": 5, "x3": 5, "x4": 4}}}