{"2": {"val_score": [0.528556858745538, 1.0], "test_score": [0.528556858745538, 1.0], "time": "14/01/2023, 17:40:32", "config": {"x0": 1, "x1": 9, "x2": 3, "x3": 0, "x4": 1}}}