{"2": {"val_score": [0.528556858745538, 1.0], "test_score": [0.528556858745538, 1.0], "time": "14/01/2023, 17:41:10", "config": {"x0": 4, "x1": 4, "x2": 2, "x3": 5, "x4": 3}}}