{"2": {"val_score": [0.5286371771925339, 0.997346840328027], "test_score": [0.5286780492792148, 0.9977809937288953], "time": "14/01/2023, 17:19:54", "config": {"x0": 0, "x1": 9, "x2": 7, "x3": 8, "x4": 4}}}