{"2": {"val_score": [0.528556858745538, 1.0], "test_score": [0.528556858745538, 1.0], "time": "14/01/2023, 17:42:00", "config": {"x0": 6, "x1": 3, "x2": 9, "x3": 1, "x4": 0}}}