{"2": {"val_score": [0.5761047463175123, 0.08490110950313555], "test_score": [0.5564066852367688, 0.07708634828750603], "time": "14/01/2023, 17:42:28", "config": {"x0": 5, "x1": 6, "x2": 5, "x3": 8, "x4": 5}}}