{"2": {"val_score": [0.528556858745538, 1.0], "test_score": [0.528556858745538, 1.0], "time": "14/01/2023, 17:42:55", "config": {"x0": 4, "x1": 2, "x2": 1, "x3": 8, "x4": 2}}}