{"2": {"val_score": [0.528556858745538, 1.0], "test_score": [0.528556858745538, 1.0], "time": "14/01/2023, 17:45:12", "config": {"x0": 6, "x1": 4, "x2": 0, "x3": 3, "x4": 0}}}