{"2": {"val_score": [0.528556858745538, 1.0], "test_score": [0.528556858745538, 1.0], "time": "14/01/2023, 17:47:01", "config": {"x0": 4, "x1": 9, "x2": 8, "x3": 8, "x4": 3}}}