{"2": {"val_score": [0.528556858745538, 1.0], "test_score": [0.528556858745538, 1.0], "time": "14/01/2023, 17:47:07", "config": {"x0": 2, "x1": 8, "x2": 1, "x3": 4, "x4": 2}}}