{"2": {"val_score": [0.528556858745538, 1.0], "test_score": [0.528556858745538, 1.0], "time": "14/01/2023, 17:47:17", "config": {"x0": 8, "x1": 9, "x2": 9, "x3": 3, "x4": 1}}}