{"2": {"val_score": [0.5977981651376146, 0.19645441389290882], "test_score": [0.5872683801554095, 0.18958031837916064], "time": "14/01/2023, 17:48:03", "config": {"x0": 3, "x1": 3, "x2": 9, "x3": 4, "x4": 5}}}