{"2": {"val_score": [0.528556858745538, 1.0], "test_score": [0.528556858745538, 1.0], "time": "14/01/2023, 17:20:29", "config": {"x0": 5, "x1": 8, "x2": 2, "x3": 6, "x4": 4}}}