{"2": {"val_score": [0.528556858745538, 1.0], "test_score": [0.528556858745538, 1.0], "time": "14/01/2023, 17:49:12", "config": {"x0": 0, "x1": 1, "x2": 3, "x3": 9, "x4": 4}}}