{"2": {"val_score": [0.528556858745538, 1.0], "test_score": [0.528556858745538, 1.0], "time": "14/01/2023, 17:50:50", "config": {"x0": 7, "x1": 9, "x2": 1, "x3": 3, "x4": 3}}}