{"2": {"val_score": [0.8333333333333334, 0.000602990834539315], "test_score": [0.5, 0.0003859141341051616], "time": "14/01/2023, 17:20:32", "config": {"x0": 2, "x1": 7, "x2": 4, "x3": 5, "x4": 5}}}