{"2": {"val_score": [0.5285112897053196, 0.9992764109985528], "test_score": [0.528727421165425, 0.9997105643994211], "time": "14/01/2023, 17:52:53", "config": {"x0": 8, "x1": 6, "x2": 9, "x3": 9, "x4": 5}}}