{"2": {"val_score": [0.5834072759538598, 0.6343463579353594], "test_score": [0.5763408872167294, 0.6355041003376749], "time": "14/01/2023, 17:53:28", "config": {"x0": 3, "x1": 5, "x2": 7, "x3": 6, "x4": 5}}}