{"2": {"val_score": [0.528556858745538, 1.0], "test_score": [0.5285838135550003, 1.0], "time": "14/01/2023, 17:53:28", "config": {"x0": 8, "x1": 0, "x2": 3, "x3": 8, "x4": 4}}}