{"2": {"val_score": [0.631578947368421, 0.001447178002894356], "test_score": [0.75, 0.001447178002894356], "time": "14/01/2023, 17:20:38", "config": {"x0": 5, "x1": 5, "x2": 7, "x3": 8, "x4": 5}}}