{"2": {"val_score": [0.68, 0.002050168837433671], "test_score": [0.7073170731707317, 0.0027978774722624217], "time": "14/01/2023, 17:20:46", "config": {"x0": 4, "x1": 6, "x2": 9, "x3": 5, "x4": 5}}}