{"2": {"val_score": [0.5913688469318948, 0.2115291847563917], "test_score": [0.5937762825904122, 0.20434153400868307], "time": "14/01/2023, 17:20:48", "config": {"x0": 0, "x1": 9, "x2": 8, "x3": 2, "x4": 5}}}