{"2": {"val_score": [0.528556858745538, 1.0], "test_score": [0.528556858745538, 1.0], "time": "14/01/2023, 17:55:40", "config": {"x0": 3, "x1": 5, "x2": 1, "x3": 4, "x4": 2}}}