{"2": {"val_score": [0.528556858745538, 1.0], "test_score": [0.528556858745538, 1.0], "time": "14/01/2023, 17:20:50", "config": {"x0": 1, "x1": 5, "x2": 4, "x3": 3, "x4": 2}}}