{"2": {"val_score": [0.7222485768500949, 0.3672214182344428], "test_score": [0.7175029632556302, 0.35041003376748675], "time": "14/01/2023, 17:55:50", "config": {"x0": 3, "x1": 5, "x2": 6, "x3": 0, "x4": 5}}}