{"2": {"val_score": [0.6666666666666666, 0.000482392667631452], "test_score": [0.8571428571428571, 0.0017366136034732273], "time": "14/01/2023, 17:56:05", "config": {"x0": 9, "x1": 1, "x2": 7, "x3": 7, "x4": 6}}}