{"2": {"val_score": [0.857981220657277, 0.08815726000964785], "test_score": [0.8494318181818182, 0.08654124457308249], "time": "14/01/2023, 17:56:07", "config": {"x0": 2, "x1": 7, "x2": 1, "x3": 3, "x4": 6}}}