{"2": {"val_score": [0.7355349344978166, 0.3250120598166908], "test_score": [0.7410673903211217, 0.31616015436565365], "time": "14/01/2023, 17:21:44", "config": {"x0": 6, "x1": 0, "x2": 7, "x3": 0, "x4": 5}}}