{"2": {"val_score": [0.528556858745538, 1.0], "test_score": [0.528556858745538, 1.0], "time": "14/01/2023, 17:22:19", "config": {"x0": 4, "x1": 7, "x2": 7, "x3": 6, "x4": 0}}}