{"2": {"val_score": [0.5313533627342889, 0.9299324650265316], "test_score": [0.5307167235494881, 0.9301495417269657], "time": "14/01/2023, 16:42:55", "config": {"x0": 3, "x1": 9, "x2": 9, "x3": 6, "x4": 3}}}