{"2": {"val_score": [0.5767708899061215, 0.8965267727930536], "test_score": [0.5788752568973033, 0.8967679691268693], "time": "14/01/2023, 16:43:00", "config": {"x0": 0, "x1": 9, "x2": 4, "x3": 0, "x4": 4}}}