{"2": {"val_score": [0.5985753195055521, 0.6890979257115292], "test_score": [0.5995079742110621, 0.6818137964302943], "time": "14/01/2023, 16:43:18", "config": {"x0": 1, "x1": 4, "x2": 4, "x3": 6, "x4": 5}}}