{"2": {"val_score": [0.6567209162145871, 0.26278340569223346], "test_score": [0.6574585635359116, 0.26406174626145684], "time": "14/01/2023, 16:43:23", "config": {"x0": 1, "x1": 0, "x2": 9, "x3": 1, "x4": 5}}}