{"2": {"val_score": [0.5893676351533688, 0.7901591895803184], "test_score": [0.5892637815186764, 0.7868789194404245], "time": "14/01/2023, 16:43:46", "config": {"x0": 0, "x1": 7, "x2": 1, "x3": 6, "x4": 4}}}