{"2": {"val_score": [0.528556858745538, 1.0], "test_score": [0.528556858745538, 1.0], "time": "14/01/2023, 16:43:46", "config": {"x0": 8, "x1": 5, "x2": 4, "x3": 5, "x4": 0}}}