{"2": {"val_score": [0.5, 0.000120598166907863], "test_score": [0.3333333333333333, 9.64785335262904e-05], "time": "14/01/2023, 16:44:04", "config": {"x0": 8, "x1": 0, "x2": 8, "x3": 5, "x4": 5}}}