{"2": {"val_score": [0.5681650155256543, 0.9267969126869272], "test_score": [0.5703320242770439, 0.9247467438494935], "time": "14/01/2023, 16:44:23", "config": {"x0": 8, "x1": 3, "x2": 0, "x3": 5, "x4": 4}}}