{"2": {"val_score": [0.5318725099601593, 0.998191027496382], "test_score": [0.5320331395049658, 0.9974915581283165], "time": "14/01/2023, 16:44:47", "config": {"x0": 5, "x1": 4, "x2": 4, "x3": 3, "x4": 4}}}