{"2": {"val_score": [0.5343620420093808, 0.948022190062711], "test_score": [0.5342130987292277, 0.9490593342981186], "time": "14/01/2023, 16:44:51", "config": {"x0": 0, "x1": 8, "x2": 6, "x3": 5, "x4": 5}}}