{"2": {"val_score": [0.5886295728014213, 0.8790400385914134], "test_score": [0.5931521950586862, 0.8824891461649783], "time": "14/01/2023, 16:45:13", "config": {"x0": 9, "x1": 1, "x2": 4, "x3": 2, "x4": 4}}}