{"2": {"val_score": [0.745207055214724, 0.4687650747708635], "test_score": [0.740301724137931, 0.4639652677279305], "time": "14/01/2023, 16:45:14", "config": {"x0": 5, "x1": 0, "x2": 1, "x3": 4, "x4": 5}}}