{"2": {"val_score": [0.8095859145745028, 0.2994452484322238], "test_score": [0.8054039301310044, 0.284708152436083], "time": "14/01/2023, 16:45:14", "config": {"x0": 6, "x1": 5, "x2": 4, "x3": 0, "x4": 6}}}