{"2": {"val_score": [0.6669139465875371, 0.43367100820067533], "test_score": [0.6666166091004655, 0.4282682103232031], "time": "14/01/2023, 16:45:33", "config": {"x0": 1, "x1": 0, "x2": 7, "x3": 2, "x4": 6}}}