{"2": {"val_score": [0.6909090909090909, 0.009165460684997588], "test_score": [0.7142857142857143, 0.00964785335262904], "time": "14/01/2023, 16:45:37", "config": {"x0": 7, "x1": 0, "x2": 1, "x3": 9, "x4": 5}}}