{"2": {"val_score": [0.7290076335877863, 0.4837192474674385], "test_score": [0.7263404629358335, 0.4783405692233478], "time": "14/01/2023, 16:45:58", "config": {"x0": 2, "x1": 3, "x2": 4, "x3": 2, "x4": 6}}}