{"2": {"val_score": [0.5285705165038626, 0.9984322238301978], "test_score": [0.5286611199019958, 0.9992281717317897], "time": "14/01/2023, 16:46:40", "config": {"x0": 4, "x1": 0, "x2": 7, "x3": 8, "x4": 4}}}