{"2": {"val_score": [1.0, 0.000241196333815726], "test_score": [1.0, 0.0002894356005788712], "time": "14/01/2023, 16:46:40", "config": {"x0": 9, "x1": 6, "x2": 4, "x3": 3, "x4": 6}}}