{"2": {"val_score": [0.528556858745538, 1.0], "test_score": [0.528556858745538, 1.0], "time": "14/01/2023, 16:46:46", "config": {"x0": 5, "x1": 0, "x2": 7, "x3": 3, "x4": 2}}}