{"2": {"val_score": [0.528556858745538, 1.0], "test_score": [0.528556858745538, 1.0], "time": "14/01/2023, 16:46:53", "config": {"x0": 6, "x1": 4, "x2": 5, "x3": 9, "x4": 4}}}