{"2": {"val_score": [0.566153546375682, 0.7007959479015919], "test_score": [0.5638264910921766, 0.7022672455378678], "time": "14/01/2023, 16:47:02", "config": {"x0": 0, "x1": 2, "x2": 7, "x3": 6, "x4": 4}}}