{"2": {"val_score": [0.6900108577633007, 0.6131210805595755], "test_score": [0.695906432748538, 0.6084901109503136], "time": "14/01/2023, 16:47:25", "config": {"x0": 6, "x1": 0, "x2": 3, "x3": 2, "x4": 5}}}