{"2": {"val_score": [0.6195194451325241, 0.6032320308731307], "test_score": [0.6249114641303248, 0.5958514230583695], "time": "14/01/2023, 16:47:25", "config": {"x0": 2, "x1": 4, "x2": 7, "x3": 2, "x4": 4}}}