{"2": {"val_score": [0.6836640089004264, 0.4446454413892909], "test_score": [0.6871465688522085, 0.4337674867342016], "time": "14/01/2023, 16:47:30", "config": {"x0": 1, "x1": 6, "x2": 0, "x3": 5, "x4": 5}}}