{"2": {"val_score": [0.604269801980198, 0.4710564399421129], "test_score": [0.6041382728286457, 0.47042932947419197], "time": "14/01/2023, 16:47:36", "config": {"x0": 9, "x1": 2, "x2": 7, "x3": 3, "x4": 5}}}