{"2": {"val_score": [0.528556858745538, 1.0], "test_score": [0.528556858745538, 1.0], "time": "14/01/2023, 16:47:49", "config": {"x0": 0, "x1": 2, "x2": 4, "x3": 2, "x4": 0}}}