{"2": {"val_score": [0.528556858745538, 1.0], "test_score": [0.528556858745538, 1.0], "time": "14/01/2023, 16:47:58", "config": {"x0": 8, "x1": 3, "x2": 7, "x3": 1, "x4": 1}}}