{"2": {"val_score": [0.5608920632606953, 0.9281234925229137], "test_score": [0.5614973262032086, 0.9319826338639653], "time": "14/01/2023, 16:48:11", "config": {"x0": 0, "x1": 5, "x2": 2, "x3": 5, "x4": 4}}}