{"2": {"val_score": [0.5857404021937843, 0.7727930535455861], "test_score": [0.5846153846153846, 0.7589001447178003], "time": "14/01/2023, 16:48:13", "config": {"x0": 2, "x1": 1, "x2": 8, "x3": 2, "x4": 5}}}