{"2": {"val_score": [0.5592189958518095, 0.9429570670525808], "test_score": [0.5610651974288338, 0.943174143753015], "time": "14/01/2023, 16:48:21", "config": {"x0": 1, "x1": 3, "x2": 3, "x3": 6, "x4": 4}}}