{"2": {"val_score": [0.7365728900255755, 0.03473227206946455], "test_score": [0.7810526315789473, 0.03579353593825374], "time": "14/01/2023, 16:48:21", "config": {"x0": 6, "x1": 7, "x2": 1, "x3": 7, "x4": 6}}}