{"2": {"val_score": [0.5839399101750039, 0.9094307766521948], "test_score": [0.5875935162094763, 0.9093101784852871], "time": "14/01/2023, 16:48:37", "config": {"x0": 1, "x1": 4, "x2": 0, "x3": 3, "x4": 4}}}