{"2": {"val_score": [0.6066481994459834, 0.052821997105643996], "test_score": [0.6551724137931034, 0.056825856246985045], "time": "14/01/2023, 16:40:03", "config": {"x0": 9, "x1": 3, "x2": 7, "x3": 5, "x4": 5}}}