{"2": {"val_score": [0.5876877512164164, 0.6700434153400868], "test_score": [0.5899735246391664, 0.666473709599614], "time": "14/01/2023, 16:48:42", "config": {"x0": 0, "x1": 4, "x2": 2, "x3": 7, "x4": 5}}}