{"2": {"val_score": [0.528556858745538, 1.0], "test_score": [0.528556858745538, 1.0], "time": "14/01/2023, 16:49:00", "config": {"x0": 5, "x1": 0, "x2": 0, "x3": 8, "x4": 3}}}