{"2": {"val_score": [0.5557405480402359, 0.9661119150988905], "test_score": [0.5543315804040964, 0.966136034732272], "time": "14/01/2023, 16:49:50", "config": {"x0": 3, "x1": 2, "x2": 4, "x3": 2, "x4": 4}}}