{"2": {"val_score": [0.5632343282492884, 0.9307766521948866], "test_score": [0.5596250145568883, 0.927255185721177], "time": "14/01/2023, 16:49:52", "config": {"x0": 2, "x1": 1, "x2": 2, "x3": 5, "x4": 5}}}