{"2": {"val_score": [0.7938144329896907, 0.0371442354076218], "test_score": [0.8061224489795918, 0.038109020742884706], "time": "14/01/2023, 16:50:15", "config": {"x0": 6, "x1": 8, "x2": 6, "x3": 2, "x4": 5}}}