{"2": {"val_score": [0.8762886597938144, 0.010250844187168356], "test_score": [0.9396551724137931, 0.010516160154365654], "time": "14/01/2023, 16:50:14", "config": {"x0": 5, "x1": 8, "x2": 1, "x3": 0, "x4": 8}}}