{"2": {"val_score": [0.5300064391500322, 0.9926435118186203], "test_score": [0.5303733498349835, 0.9922817173178967], "time": "14/01/2023, 16:50:25", "config": {"x0": 6, "x1": 6, "x2": 8, "x3": 6, "x4": 4}}}