{"2": {"val_score": [0.528556858745538, 1.0], "test_score": [0.528556858745538, 1.0], "time": "14/01/2023, 16:50:41", "config": {"x0": 2, "x1": 9, "x2": 9, "x3": 1, "x4": 0}}}