{"2": {"val_score": [0.699265306122449, 0.5165219488663773], "test_score": [0.7006301112749699, 0.5041968162083936], "time": "14/01/2023, 16:50:47", "config": {"x0": 6, "x1": 6, "x2": 5, "x3": 0, "x4": 6}}}