{"2": {"val_score": [0.5735993287964948, 0.742040520984081], "test_score": [0.5780445969125214, 0.7478051133622768], "time": "14/01/2023, 16:50:47", "config": {"x0": 5, "x1": 0, "x2": 9, "x3": 1, "x4": 5}}}