{"2": {"val_score": [0.6885689676387351, 0.6748673420164013], "test_score": [0.6905802861685215, 0.6705258080077183], "time": "14/01/2023, 16:50:53", "config": {"x0": 3, "x1": 4, "x2": 3, "x3": 1, "x4": 5}}}