{"2": {"val_score": [0.528556858745538, 1.0], "test_score": [0.528556858745538, 1.0], "time": "14/01/2023, 16:51:00", "config": {"x0": 7, "x1": 9, "x2": 9, "x3": 3, "x4": 4}}}