{"2": {"val_score": [0.5851014760147601, 0.30595754944524844], "test_score": [0.5837716003005259, 0.2998552821997106], "time": "14/01/2023, 16:51:00", "config": {"x0": 8, "x1": 9, "x2": 1, "x3": 7, "x4": 4}}}