{"2": {"val_score": [0.6987886944818305, 0.3130728412928124], "test_score": [0.6945716154349247, 0.30738060781476123], "time": "14/01/2023, 16:51:24", "config": {"x0": 6, "x1": 1, "x2": 6, "x3": 3, "x4": 6}}}