{"2": {"val_score": [0.7110743801652892, 0.2594066570188133], "test_score": [0.7105970952124798, 0.2548962855764592], "time": "14/01/2023, 16:51:33", "config": {"x0": 5, "x1": 4, "x2": 1, "x3": 7, "x4": 5}}}