{"2": {"val_score": [0.579777274071154, 0.709479015918958], "test_score": [0.5797729780860792, 0.7095996140858659], "time": "14/01/2023, 16:51:42", "config": {"x0": 1, "x1": 3, "x2": 6, "x3": 7, "x4": 4}}}