{"2": {"val_score": [0.5337334300600145, 0.9760009647853353], "test_score": [0.5344236349248219, 0.9773275446213218], "time": "14/01/2023, 16:51:48", "config": {"x0": 9, "x1": 0, "x2": 9, "x3": 0, "x4": 4}}}