{"2": {"val_score": [0.528556858745538, 1.0], "test_score": [0.5285838135550003, 1.0], "time": "14/01/2023, 16:40:24", "config": {"x0": 1, "x1": 3, "x2": 6, "x3": 3, "x4": 3}}}