{"2": {"val_score": [0.7586520947176685, 0.30137481910274966], "test_score": [0.7515826791592808, 0.2863482875060299], "time": "14/01/2023, 16:52:11", "config": {"x0": 1, "x1": 2, "x2": 4, "x3": 3, "x4": 5}}}