{"2": {"val_score": [0.528556858745538, 1.0], "test_score": [0.528556858745538, 1.0], "time": "14/01/2023, 16:52:14", "config": {"x0": 4, "x1": 4, "x2": 4, "x3": 7, "x4": 0}}}