{"2": {"val_score": [0.5459211237169098, 0.24372889532079112], "test_score": [0.5410218359126564, 0.2462132175590931], "time": "14/01/2023, 16:52:17", "config": {"x0": 6, "x1": 3, "x2": 9, "x3": 7, "x4": 4}}}