{"2": {"val_score": [0.528556858745538, 1.0], "test_score": [0.528556858745538, 1.0], "time": "14/01/2023, 16:52:23", "config": {"x0": 9, "x1": 5, "x2": 0, "x3": 7, "x4": 2}}}