{"2": {"val_score": [0.528556858745538, 1.0], "test_score": [0.528556858745538, 1.0], "time": "14/01/2023, 16:52:38", "config": {"x0": 7, "x1": 9, "x2": 8, "x3": 3, "x4": 3}}}