{"2": {"val_score": [0.5444949225013361, 0.9828750602990834], "test_score": [0.5457124504870999, 0.9835986493005306], "time": "14/01/2023, 16:52:57", "config": {"x0": 0, "x1": 5, "x2": 0, "x3": 4, "x4": 4}}}