{"2": {"val_score": [0.5533388750346356, 0.9633381572600096], "test_score": [0.5525820035460993, 0.9621804148576941], "time": "14/01/2023, 16:53:00", "config": {"x0": 4, "x1": 7, "x2": 5, "x3": 0, "x4": 5}}}