{"2": {"val_score": [0.6959894613583139, 0.5734442836468886], "test_score": [0.7009676658012745, 0.573082489146165], "time": "14/01/2023, 16:53:01", "config": {"x0": 9, "x1": 4, "x2": 4, "x3": 2, "x4": 5}}}