{"2": {"val_score": [0.9230769230769231, 0.004341534008683068], "test_score": [0.9344262295081968, 0.005499276410998553], "time": "14/01/2023, 16:53:40", "config": {"x0": 4, "x1": 6, "x2": 3, "x3": 1, "x4": 7}}}