{"2": {"val_score": [0.528556858745538, 1.0], "test_score": [0.528556858745538, 1.0], "time": "14/01/2023, 16:53:44", "config": {"x0": 6, "x1": 5, "x2": 8, "x3": 5, "x4": 2}}}