{"2": {"val_score": [0.5282319877363311, 0.997346840328027], "test_score": [0.5284743858215435, 0.9982633863965268], "time": "14/01/2023, 16:54:02", "config": {"x0": 4, "x1": 8, "x2": 1, "x3": 9, "x4": 4}}}