{"2": {"val_score": [0.5446678205298895, 0.986734201640135], "test_score": [0.543502524581451, 0.9865894838398457], "time": "14/01/2023, 16:39:40", "config": {"x0": 0, "x1": 2, "x2": 1, "x3": 4, "x4": 3}}}