{"2": {"val_score": [0.7971014492753623, 0.006632899179932465], "test_score": [0.7397260273972602, 0.005209840810419681], "time": "14/01/2023, 16:40:44", "config": {"x0": 1, "x1": 7, "x2": 5, "x3": 4, "x4": 5}}}