{"2": {"val_score": [0.8636363636363636, 0.002291365171249397], "test_score": [0.8809523809523809, 0.003569705740472745], "time": "14/01/2023, 16:54:17", "config": {"x0": 4, "x1": 1, "x2": 5, "x3": 5, "x4": 6}}}