{"2": {"val_score": [0.8333333333333334, 0.000602990834539315], "test_score": [0.8333333333333334, 0.000964785335262904], "time": "14/01/2023, 16:54:29", "config": {"x0": 9, "x1": 2, "x2": 9, "x3": 6, "x4": 5}}}