{"2": {"val_score": [0.7801961253288687, 0.3933912204534491], "test_score": [0.7783783783783784, 0.3890014471780029], "time": "14/01/2023, 16:54:47", "config": {"x0": 0, "x1": 1, "x2": 3, "x3": 2, "x4": 5}}}