{"2": {"val_score": [0.6460950300382304, 0.14266763145200193], "test_score": [0.6588235294117647, 0.14047274481427882], "time": "14/01/2023, 16:55:22", "config": {"x0": 8, "x1": 0, "x2": 4, "x3": 6, "x4": 5}}}