{"2": {"val_score": [0.528556858745538, 1.0], "test_score": [0.528556858745538, 1.0], "time": "14/01/2023, 16:55:31", "config": {"x0": 8, "x1": 7, "x2": 7, "x3": 9, "x4": 4}}}