{"2": {"val_score": [0.528556858745538, 1.0], "test_score": [0.528556858745538, 1.0], "time": "14/01/2023, 16:56:01", "config": {"x0": 8, "x1": 5, "x2": 7, "x3": 4, "x4": 3}}}