{"2": {"val_score": [0.543705934697789, 0.9579112397491558], "test_score": [0.5413845817864162, 0.9566811384466956], "time": "14/01/2023, 16:56:29", "config": {"x0": 7, "x1": 5, "x2": 2, "x3": 7, "x4": 5}}}