{"2": {"val_score": [0.8096885813148789, 0.028219971056439943], "test_score": [0.7963917525773195, 0.029811866859623733], "time": "14/01/2023, 16:57:01", "config": {"x0": 5, "x1": 9, "x2": 2, "x3": 1, "x4": 6}}}