{"2": {"val_score": [0.528556858745538, 1.0], "test_score": [0.528556858745538, 1.0], "time": "14/01/2023, 16:57:01", "config": {"x0": 3, "x1": 4, "x2": 3, "x3": 8, "x4": 1}}}