{"2": {"val_score": [0.5309772195018096, 0.3007718282682103], "test_score": [0.5398903237219176, 0.2944524843222383], "time": "14/01/2023, 16:57:05", "config": {"x0": 1, "x1": 7, "x2": 6, "x3": 9, "x4": 5}}}