{"2": {"val_score": [0.5938006848080736, 0.7947419199228172], "test_score": [0.5932781649245064, 0.7885190545103714], "time": "14/01/2023, 16:57:05", "config": {"x0": 7, "x1": 1, "x2": 7, "x3": 2, "x4": 5}}}