{"2": {"val_score": [0.5650981845127825, 0.9196816208393632], "test_score": [0.5666149809160306, 0.9166425470332851], "time": "14/01/2023, 16:57:24", "config": {"x0": 5, "x1": 4, "x2": 5, "x3": 2, "x4": 4}}}