{"2": {"val_score": [0.543634418462479, 0.8579353593825374], "test_score": [0.5409815950920246, 0.8507477086348287], "time": "14/01/2023, 16:41:05", "config": {"x0": 4, "x1": 4, "x2": 2, "x3": 8, "x4": 5}}}