{"2": {"val_score": [0.5513458262350937, 0.9757597684515196], "test_score": [0.5508044723206981, 0.9743367100820067], "time": "14/01/2023, 16:57:48", "config": {"x0": 7, "x1": 6, "x2": 0, "x3": 3, "x4": 3}}}