{"2": {"val_score": [0.5552772808586762, 0.9358417752050169], "test_score": [0.5529465666342134, 0.9315002411963338], "time": "14/01/2023, 16:57:50", "config": {"x0": 5, "x1": 4, "x2": 8, "x3": 1, "x4": 4}}}