{"2": {"val_score": [0.528556858745538, 1.0], "test_score": [0.528556858745538, 1.0], "time": "14/01/2023, 16:57:53", "config": {"x0": 9, "x1": 2, "x2": 8, "x3": 4, "x4": 4}}}