{"2": {"val_score": [0.6666666666666666, 0.000482392667631452], "test_score": [0.8421052631578947, 0.0015436565364206464], "time": "14/01/2023, 16:58:03", "config": {"x0": 2, "x1": 8, "x2": 5, "x3": 5, "x4": 5}}}