{"2": {"val_score": [0.6494188226471691, 0.6266280752532561], "test_score": [0.6488155497064183, 0.6183309213699951], "time": "14/01/2023, 16:58:18", "config": {"x0": 5, "x1": 2, "x2": 1, "x3": 5, "x4": 4}}}