{"2": {"val_score": [0.5203147877013177, 0.685721177038109], "test_score": [0.518856042083426, 0.6756391702846116], "time": "14/01/2023, 16:58:28", "config": {"x0": 1, "x1": 9, "x2": 8, "x3": 9, "x4": 5}}}