{"2": {"val_score": [0.5209748641304348, 0.7398697539797395], "test_score": [0.5206213539546873, 0.7404727448142788], "time": "14/01/2023, 16:58:51", "config": {"x0": 2, "x1": 9, "x2": 9, "x3": 6, "x4": 5}}}