{"2": {"val_score": [0.528556858745538, 1.0], "test_score": [0.528556858745538, 1.0], "time": "14/01/2023, 16:59:53", "config": {"x0": 2, "x1": 3, "x2": 3, "x3": 6, "x4": 2}}}