{"2": {"val_score": [0.5717147435897436, 0.344187168355041], "test_score": [0.569178304644365, 0.33815726000964785], "time": "14/01/2023, 17:00:39", "config": {"x0": 0, "x1": 8, "x2": 4, "x3": 8, "x4": 6}}}