{"2": {"val_score": [0.5491610040216336, 0.9551374819102749], "test_score": [0.5463653567850384, 0.9470332850940666], "time": "14/01/2023, 17:01:46", "config": {"x0": 6, "x1": 0, "x2": 8, "x3": 1, "x4": 4}}}