{"2": {"val_score": [0.5499180551761814, 0.9711770381090208], "test_score": [0.5507222586999343, 0.9710564399421129], "time": "14/01/2023, 17:02:23", "config": {"x0": 3, "x1": 6, "x2": 5, "x3": 0, "x4": 3}}}