{"2": {"val_score": [0.528556858745538, 1.0], "test_score": [0.528556858745538, 1.0], "time": "14/01/2023, 17:03:33", "config": {"x0": 6, "x1": 1, "x2": 7, "x3": 8, "x4": 0}}}