{"2": {"val_score": [0.6194328219432822, 0.8034249879401834], "test_score": [0.6242935724512094, 0.799324650265316], "time": "14/01/2023, 16:41:27", "config": {"x0": 9, "x1": 2, "x2": 4, "x3": 2, "x4": 5}}}