{"2": {"val_score": [0.6666666666666666, 0.000964785335262904], "test_score": [1.0, 0.000482392667631452], "time": "14/01/2023, 17:04:09", "config": {"x0": 1, "x1": 9, "x2": 4, "x3": 4, "x4": 6}}}