{"2": {"val_score": [0.528556858745538, 1.0], "test_score": [0.528556858745538, 1.0], "time": "14/01/2023, 17:04:54", "config": {"x0": 9, "x1": 3, "x2": 6, "x3": 5, "x4": 1}}}