{"2": {"val_score": [0.46990291262135925, 0.029184756391702846], "test_score": [0.5014749262536873, 0.03280270139893873], "time": "14/01/2023, 17:05:07", "config": {"x0": 2, "x1": 5, "x2": 0, "x3": 9, "x4": 5}}}