{"2": {"val_score": [0.6373025516403402, 0.5060299083453932], "test_score": [0.6471373119844736, 0.5147129763627593], "time": "14/01/2023, 17:05:30", "config": {"x0": 9, "x1": 0, "x2": 1, "x3": 8, "x4": 4}}}