{"2": {"val_score": [0.5316927121367022, 0.8780752532561505], "test_score": [0.5316537090080085, 0.8774722624216111], "time": "14/01/2023, 17:05:36", "config": {"x0": 7, "x1": 9, "x2": 3, "x3": 9, "x4": 5}}}