{"2": {"val_score": [0.6296296296296297, 0.006150506512301013], "test_score": [0.7613636363636364, 0.006464061746261457], "time": "14/01/2023, 17:05:47", "config": {"x0": 7, "x1": 0, "x2": 7, "x3": 4, "x4": 6}}}