{"2": {"val_score": [0.528556858745538, 1.0], "test_score": [0.528556858745538, 1.0], "time": "14/01/2023, 17:05:51", "config": {"x0": 3, "x1": 4, "x2": 8, "x3": 4, "x4": 1}}}