{"2": {"val_score": [0.5349354986575863, 0.9851664254703328], "test_score": [0.5349923872525857, 0.9831162566328991], "time": "14/01/2023, 16:41:31", "config": {"x0": 6, "x1": 9, "x2": 5, "x3": 4, "x4": 5}}}