{"2": {"val_score": [0.528556858745538, 1.0], "test_score": [0.528556858745538, 1.0], "time": "14/01/2023, 17:07:16", "config": {"x0": 0, "x1": 5, "x2": 0, "x3": 6, "x4": 1}}}