{"2": {"val_score": [0.528556858745538, 1.0], "test_score": [0.528556858745538, 1.0], "time": "14/01/2023, 17:07:54", "config": {"x0": 7, "x1": 0, "x2": 7, "x3": 6, "x4": 1}}}