{"2": {"val_score": [0.5285268056352393, 0.9998794018330921], "test_score": [0.528556858745538, 1.0], "time": "14/01/2023, 17:08:18", "config": {"x0": 0, "x1": 5, "x2": 1, "x3": 6, "x4": 5}}}