{"2": {"val_score": [0.6216216216216216, 0.002773757838880849], "test_score": [0.7083333333333334, 0.0032802701398938735], "time": "14/01/2023, 17:09:01", "config": {"x0": 5, "x1": 9, "x2": 6, "x3": 6, "x4": 5}}}