{"2": {"val_score": [0.5659469968279955, 0.6670284611673902], "test_score": [0.5655899802241265, 0.6622286541244573], "time": "14/01/2023, 17:09:18", "config": {"x0": 7, "x1": 7, "x2": 6, "x3": 8, "x4": 5}}}