{"2": {"val_score": [0.528556858745538, 1.0], "test_score": [0.528556858745538, 1.0], "time": "14/01/2023, 17:12:17", "config": {"x0": 8, "x1": 7, "x2": 1, "x3": 5, "x4": 3}}}