{"2": {"val_score": [0.5601772089588973, 0.5489628557645924], "test_score": [0.567176026989482, 0.5514712976362759], "time": "14/01/2023, 17:13:45", "config": {"x0": 5, "x1": 6, "x2": 4, "x3": 8, "x4": 5}}}