{"2": {"val_score": [0.528556858745538, 1.0], "test_score": [0.528556858745538, 1.0], "time": "14/01/2023, 17:14:13", "config": {"x0": 4, "x1": 7, "x2": 8, "x3": 9, "x4": 4}}}