{"2": {"val_score": [0.5713653952459923, 0.623251326579836], "test_score": [0.5757416644788659, 0.6347322720694646], "time": "14/01/2023, 17:14:19", "config": {"x0": 9, "x1": 2, "x2": 7, "x3": 6, "x4": 5}}}