{"2": {"val_score": [0.5455685618729097, 0.9442836468885673], "test_score": [0.5456167744813741, 0.9439459720212253], "time": "14/01/2023, 17:14:21", "config": {"x0": 5, "x1": 9, "x2": 1, "x3": 5, "x4": 4}}}