{"2": {"val_score": [0.5729036852412319, 0.7761698022190062], "test_score": [0.5705503724596803, 0.7611191509889049], "time": "14/01/2023, 17:14:32", "config": {"x0": 8, "x1": 4, "x2": 0, "x3": 7, "x4": 5}}}