{"2": {"val_score": [0.5909486510008704, 0.4094307766521949], "test_score": [0.5866113574595909, 0.39565846599131693], "time": "14/01/2023, 17:15:15", "config": {"x0": 7, "x1": 3, "x2": 9, "x3": 4, "x4": 5}}}