{"2": {"val_score": [0.528556858745538, 1.0], "test_score": [0.528556858745538, 1.0], "time": "14/01/2023, 17:15:29", "config": {"x0": 9, "x1": 2, "x2": 4, "x3": 1, "x4": 0}}}