{"2": {"val_score": [0.7, 0.000844187168355041], "test_score": [0.8, 0.0007718282682103232], "time": "14/01/2023, 17:15:39", "config": {"x0": 1, "x1": 0, "x2": 7, "x3": 7, "x4": 4}}}