{"2": {"val_score": [0.528556858745538, 1.0], "test_score": [0.528556858745538, 1.0], "time": "14/01/2023, 17:16:39", "config": {"x0": 0, "x1": 0, "x2": 8, "x3": 8, "x4": 1}}}