{"2": {"val_score": [0.5294718692125934, 0.9998794018330921], "test_score": [0.5293126340516802, 1.0], "time": "14/01/2023, 17:17:30", "config": {"x0": 9, "x1": 0, "x2": 2, "x3": 2, "x4": 2}}}