{"2": {"val_score": [0.5511632492113565, 0.674264351181862], "test_score": [0.5539857108453079, 0.6657983598649301], "time": "14/01/2023, 16:42:16", "config": {"x0": 2, "x1": 6, "x2": 5, "x3": 8, "x4": 6}}}