{"2": {"val_score": [0.7225755166931638, 0.21924746743849494], "test_score": [0.7260088165479823, 0.20656054027978774], "time": "14/01/2023, 16:42:33", "config": {"x0": 9, "x1": 4, "x2": 2, "x3": 6, "x4": 6}}}