{"2": {"val_score": [0.5228471001757469, 0.28702363724071395], "test_score": [0.5156443344528903, 0.2814278822961891], "time": "14/01/2023, 16:42:33", "config": {"x0": 8, "x1": 2, "x2": 8, "x3": 9, "x4": 5}}}