{"2": {"val_score": [0.5498905730728703, 0.8181379643029426], "test_score": [0.5499967806322839, 0.8241196333815726], "time": "14/01/2023, 16:42:38", "config": {"x0": 9, "x1": 6, "x2": 6, "x3": 7, "x4": 5}}}