{"2": {"val_score": [0.5294757033248082, 0.9986734201640135], "test_score": [0.5294268037019992, 0.9989387361312108], "time": "14/01/2023, 14:43:40", "config": {"x0": 4, "x1": 2, "x2": 9, "x3": 7, "x4": 6}}}