{"2": {"val_score": [0.6020876826722338, 0.17390255668113844], "test_score": [0.601669449081803, 0.1738543174143753], "time": "14/01/2023, 14:48:51", "config": {"x0": 4, "x1": 1, "x2": 7, "x3": 9, "x4": 5}}}