{"2": {"val_score": [0.528556858745538, 1.0], "test_score": [0.528556858745538, 1.0], "time": "14/01/2023, 14:49:00", "config": {"x0": 9, "x1": 8, "x2": 1, "x3": 7, "x4": 2}}}