{"2": {"val_score": [0.528556858745538, 1.0], "test_score": [0.528556858745538, 1.0], "time": "14/01/2023, 14:49:08", "config": {"x0": 2, "x1": 5, "x2": 5, "x3": 6, "x4": 1}}}