{"2": {"val_score": [0.604531179901301, 0.3250120598166908], "test_score": [0.5969521807672097, 0.3287988422575977], "time": "14/01/2023, 14:49:20", "config": {"x0": 4, "x1": 1, "x2": 7, "x3": 6, "x4": 4}}}