{"2": {"val_score": [0.879746835443038, 0.05028943560057887], "test_score": [0.8783333333333333, 0.050844187168355044], "time": "14/01/2023, 14:49:26", "config": {"x0": 0, "x1": 8, "x2": 2, "x3": 3, "x4": 6}}}