{"2": {"val_score": [0.528556858745538, 1.0], "test_score": [0.5285838135550003, 1.0], "time": "14/01/2023, 14:49:37", "config": {"x0": 4, "x1": 3, "x2": 0, "x3": 4, "x4": 3}}}