{"2": {"val_score": [0.863013698630137, 0.015195369030390739], "test_score": [0.8369565217391305, 0.014857694163048722], "time": "14/01/2023, 14:49:40", "config": {"x0": 8, "x1": 7, "x2": 4, "x3": 3, "x4": 6}}}