{"2": {"val_score": [0.528556858745538, 1.0], "test_score": [0.528556858745538, 1.0], "time": "14/01/2023, 14:49:48", "config": {"x0": 9, "x1": 9, "x2": 3, "x3": 8, "x4": 0}}}