{"2": {"val_score": [0.6867007672634271, 0.12952243125904486], "test_score": [0.6887592788971368, 0.12532561505065123], "time": "14/01/2023, 14:49:59", "config": {"x0": 0, "x1": 6, "x2": 7, "x3": 3, "x4": 6}}}