{"2": {"val_score": [0.625, 0.000602990834539315], "test_score": [0.4, 0.0003859141341051616], "time": "14/01/2023, 14:50:56", "config": {"x0": 5, "x1": 2, "x2": 3, "x3": 8, "x4": 5}}}