{"2": {"val_score": [0.528556858745538, 1.0], "test_score": [0.528556858745538, 1.0], "time": "14/01/2023, 14:51:08", "config": {"x0": 1, "x1": 1, "x2": 1, "x3": 4, "x4": 1}}}