{"2": {"val_score": [0.5542712374317156, 0.8443077665219488], "test_score": [0.5543955694188045, 0.8402315484804631], "time": "14/01/2023, 14:51:34", "config": {"x0": 1, "x1": 7, "x2": 8, "x3": 5, "x4": 4}}}