{"2": {"val_score": [0.8095238095238095, 0.002050168837433671], "test_score": [0.8235294117647058, 0.0013506994693680656], "time": "14/01/2023, 14:51:48", "config": {"x0": 3, "x1": 5, "x2": 4, "x3": 1, "x4": 6}}}