{"2": {"val_score": [0.6473087818696884, 0.551133622768934], "test_score": [0.6414324569356301, 0.5460684997588037], "time": "14/01/2023, 14:52:23", "config": {"x0": 9, "x1": 8, "x2": 6, "x3": 3, "x4": 5}}}