{"2": {"val_score": [0.528556858745538, 1.0], "test_score": [0.528556858745538, 1.0], "time": "14/01/2023, 14:53:53", "config": {"x0": 0, "x1": 8, "x2": 5, "x3": 6, "x4": 0}}}