{"2": {"val_score": [0.7682926829268293, 0.03798842257597684], "test_score": [0.77737881508079, 0.04177520501688374], "time": "14/01/2023, 14:54:13", "config": {"x0": 5, "x1": 8, "x2": 3, "x3": 4, "x4": 5}}}