{"2": {"val_score": [0.528556858745538, 1.0], "test_score": [0.528556858745538, 1.0], "time": "14/01/2023, 14:54:42", "config": {"x0": 3, "x1": 8, "x2": 1, "x3": 0, "x4": 0}}}