{"2": {"val_score": [0.5454545454545454, 0.007959479015918957], "test_score": [0.6183206106870229, 0.007814761215629523], "time": "14/01/2023, 14:54:57", "config": {"x0": 8, "x1": 3, "x2": 7, "x3": 9, "x4": 6}}}