{"2": {"val_score": [0.528556858745538, 1.0], "test_score": [0.528556858745538, 1.0], "time": "14/01/2023, 14:57:03", "config": {"x0": 1, "x1": 9, "x2": 5, "x3": 8, "x4": 0}}}