{"2": {"val_score": [0.7692307692307693, 0.00120598166907863], "test_score": [0.8095238095238095, 0.0016401350699469367], "time": "14/01/2023, 14:58:33", "config": {"x0": 8, "x1": 5, "x2": 4, "x3": 3, "x4": 6}}}