{"2": {"val_score": [0.5284967486931021, 0.9997588036661843], "test_score": [0.5285626848923799, 0.9998070429329474], "time": "14/01/2023, 14:59:05", "config": {"x0": 3, "x1": 0, "x2": 7, "x3": 9, "x4": 5}}}