{"2": {"val_score": [0.528556858745538, 1.0], "test_score": [0.5286136896868305, 0.9999035214664737], "time": "14/01/2023, 14:59:43", "config": {"x0": 3, "x1": 5, "x2": 8, "x3": 5, "x4": 5}}}