{"2": {"val_score": [0.7428571428571429, 0.003135552339604438], "test_score": [0.6724137931034483, 0.0037626628075253256], "time": "14/01/2023, 15:00:02", "config": {"x0": 4, "x1": 9, "x2": 5, "x3": 5, "x4": 4}}}