{"2": {"val_score": [0.528556858745538, 1.0], "test_score": [0.528556858745538, 1.0], "time": "14/01/2023, 14:44:44", "config": {"x0": 8, "x1": 3, "x2": 8, "x3": 6, "x4": 1}}}