{"2": {"val_score": [0.5730464326160816, 0.06102267245537868], "test_score": [0.5842293906810035, 0.06290400385914134], "time": "14/01/2023, 14:44:59", "config": {"x0": 7, "x1": 2, "x2": 8, "x3": 6, "x4": 5}}}