{"2": {"val_score": [0.5939643347050755, 0.5744090689821515], "test_score": [0.5830839816477159, 0.5640135069946937], "time": "14/01/2023, 15:01:36", "config": {"x0": 2, "x1": 3, "x2": 3, "x3": 7, "x4": 5}}}