{"2": {"val_score": [0.528556858745538, 1.0], "test_score": [0.528556858745538, 1.0], "time": "14/01/2023, 15:01:52", "config": {"x0": 7, "x1": 8, "x2": 5, "x3": 9, "x4": 2}}}