{"2": {"val_score": [0.8807588075880759, 0.07838880849011096], "test_score": [0.8737650933040615, 0.07679691268692716], "time": "14/01/2023, 14:45:04", "config": {"x0": 0, "x1": 1, "x2": 0, "x3": 5, "x4": 7}}}