{"2": {"val_score": [0.528556858745538, 1.0], "test_score": [0.528556858745538, 1.0], "time": "14/01/2023, 15:09:12", "config": {"x0": 8, "x1": 8, "x2": 0, "x3": 9, "x4": 2}}}