{"2": {"val_score": [0.528556858745538, 1.0], "test_score": [0.528556858745538, 1.0], "time": "14/01/2023, 15:09:37", "config": {"x0": 9, "x1": 2, "x2": 9, "x3": 0, "x4": 2}}}