{"2": {"val_score": [0.6201637225333908, 0.86794500723589], "test_score": [0.6235424764019989, 0.8667631452001929], "time": "14/01/2023, 14:45:53", "config": {"x0": 1, "x1": 2, "x2": 1, "x3": 2, "x4": 3}}}