{"2": {"val_score": [0.5782108060230292, 0.39363241678726485], "test_score": [0.5742320819112628, 0.38958031837916063], "time": "14/01/2023, 14:45:58", "config": {"x0": 2, "x1": 9, "x2": 2, "x3": 7, "x4": 5}}}