{"2": {"val_score": [0.8541666666666666, 0.009889049686444766], "test_score": [0.8888888888888888, 0.010033767486734202], "time": "14/01/2023, 15:12:43", "config": {"x0": 5, "x1": 5, "x2": 3, "x3": 3, "x4": 6}}}