{"2": {"val_score": [0.8333333333333334, 0.003014954172696575], "test_score": [0.8333333333333334, 0.002894356005788712], "time": "14/01/2023, 15:13:59", "config": {"x0": 0, "x1": 2, "x2": 8, "x3": 5, "x4": 5}}}