{"2": {"val_score": [0.5416666666666666, 0.006271104679208876], "test_score": [0.5514018691588785, 0.005692233478051134], "time": "14/01/2023, 15:14:17", "config": {"x0": 3, "x1": 4, "x2": 9, "x3": 9, "x4": 5}}}