{"2": {"val_score": [0.528556858745538, 1.0], "test_score": [0.528556858745538, 1.0], "time": "14/01/2023, 14:46:14", "config": {"x0": 8, "x1": 0, "x2": 1, "x3": 7, "x4": 0}}}