{"2": {"val_score": [0.6656346749226006, 0.18150024119633382], "test_score": [0.6765567765567766, 0.17819585142305838], "time": "14/01/2023, 15:15:51", "config": {"x0": 0, "x1": 1, "x2": 7, "x3": 4, "x4": 5}}}