{"2": {"val_score": [0.5451628585318425, 0.6761939218523878], "test_score": [0.5472443996589411, 0.6811384466956102], "time": "14/01/2023, 15:16:16", "config": {"x0": 9, "x1": 0, "x2": 6, "x3": 8, "x4": 5}}}