{"2": {"val_score": [0.528556858745538, 1.0], "test_score": [0.528556858745538, 1.0], "time": "14/01/2023, 15:16:21", "config": {"x0": 1, "x1": 1, "x2": 1, "x3": 6, "x4": 1}}}