{"2": {"val_score": [0.528556858745538, 1.0], "test_score": [0.528556858745538, 1.0], "time": "14/01/2023, 14:46:16", "config": {"x0": 5, "x1": 5, "x2": 4, "x3": 7, "x4": 5}}}