{"2": {"val_score": [0.528556858745538, 1.0], "test_score": [0.528556858745538, 1.0], "time": "14/01/2023, 15:17:07", "config": {"x0": 7, "x1": 5, "x2": 1, "x3": 9, "x4": 3}}}