{"2": {"val_score": [0.5363901943350692, 0.5092860588519055], "test_score": [0.5375787121673776, 0.5106608779546551], "time": "14/01/2023, 15:17:26", "config": {"x0": 6, "x1": 9, "x2": 7, "x3": 8, "x4": 6}}}