{"2": {"val_score": [0.7823529411764706, 0.01603955619874578], "test_score": [0.8, 0.01698022190062711], "time": "14/01/2023, 15:17:36", "config": {"x0": 3, "x1": 4, "x2": 2, "x3": 7, "x4": 5}}}