{"2": {"val_score": [0.528556858745538, 1.0], "test_score": [0.528556858745538, 1.0], "time": "14/01/2023, 15:17:55", "config": {"x0": 3, "x1": 0, "x2": 8, "x3": 5, "x4": 4}}}