{"2": {"val_score": [0.528556858745538, 1.0], "test_score": [0.528556858745538, 1.0], "time": "14/01/2023, 14:46:31", "config": {"x0": 1, "x1": 8, "x2": 0, "x3": 9, "x4": 4}}}