{"2": {"val_score": [0.528556858745538, 1.0], "test_score": [0.528556858745538, 1.0], "time": "14/01/2023, 15:18:27", "config": {"x0": 0, "x1": 1, "x2": 8, "x3": 2, "x4": 2}}}