{"2": {"val_score": [0.528556858745538, 1.0], "test_score": [0.528556858745538, 1.0], "time": "14/01/2023, 14:46:56", "config": {"x0": 6, "x1": 1, "x2": 3, "x3": 9, "x4": 2}}}