{"2": {"val_score": [0.5376252537821731, 0.9899903521466473], "test_score": [0.5370166902108513, 0.9902556681138447], "time": "14/01/2023, 15:21:16", "config": {"x0": 5, "x1": 9, "x2": 0, "x3": 3, "x4": 4}}}