{"2": {"val_score": [0.5376374008626688, 0.9319826338639653], "test_score": [0.539157636018322, 0.931210805595755], "time": "14/01/2023, 15:21:26", "config": {"x0": 6, "x1": 6, "x2": 0, "x3": 9, "x4": 5}}}