{"2": {"val_score": [0.528556858745538, 1.0], "test_score": [0.528556858745538, 1.0], "time": "14/01/2023, 14:47:15", "config": {"x0": 8, "x1": 8, "x2": 7, "x3": 0, "x4": 2}}}