{"2": {"val_score": [0.8780487804878049, 0.004341534008683068], "test_score": [0.9090909090909091, 0.003859141341051616], "time": "14/01/2023, 14:47:24", "config": {"x0": 0, "x1": 2, "x2": 5, "x3": 2, "x4": 6}}}