{"2": {"val_score": [0.7724317295188556, 0.07163531114327062], "test_score": [0.7856365614798694, 0.06965750120598167], "time": "14/01/2023, 14:47:36", "config": {"x0": 1, "x1": 8, "x2": 4, "x3": 2, "x4": 6}}}