{"2": {"val_score": [0.5298081242379516, 0.9956584659913169], "test_score": [0.5289290110791958, 0.9948866377231066], "time": "14/01/2023, 14:48:08", "config": {"x0": 8, "x1": 6, "x2": 9, "x3": 2, "x4": 5}}}