{"2": {"val_score": [0.6433328609890888, 0.5475156777616981], "test_score": [0.63411310470134, 0.5387361312108055], "time": "14/01/2023, 15:25:42", "config": {"x0": 6, "x1": 5, "x2": 7, "x3": 2, "x4": 4}}}