{"2": {"val_score": [0.528597844800102, 0.9997588036661843], "test_score": [0.5286377314224512, 1.0], "time": "14/01/2023, 15:26:06", "config": {"x0": 0, "x1": 7, "x2": 3, "x3": 9, "x4": 5}}}