{"2": {"val_score": [0.5299775569092658, 0.9967438494934877], "test_score": [0.5294871794871795, 0.9961408586589484], "time": "14/01/2023, 15:26:15", "config": {"x0": 4, "x1": 9, "x2": 8, "x3": 0, "x4": 4}}}