{"2": {"val_score": [0.7362694300518134, 0.17136999517607332], "test_score": [0.7246796196775527, 0.16912686927158707], "time": "14/01/2023, 15:26:24", "config": {"x0": 7, "x1": 5, "x2": 1, "x3": 5, "x4": 6}}}