{"2": {"val_score": [0.8029197080291971, 0.01326579835986493], "test_score": [0.8181818181818182, 0.01215629522431259], "time": "14/01/2023, 15:26:57", "config": {"x0": 8, "x1": 2, "x2": 1, "x3": 7, "x4": 6}}}