{"2": {"val_score": [0.5299316217262289, 0.9907139411480945], "test_score": [0.5299136460003102, 0.988712011577424], "time": "14/01/2023, 15:27:32", "config": {"x0": 9, "x1": 6, "x2": 2, "x3": 9, "x4": 4}}}