{"2": {"val_score": [0.6031258231627008, 0.828388808490111], "test_score": [0.6042852125043906, 0.8299083453931501], "time": "14/01/2023, 15:27:37", "config": {"x0": 5, "x1": 2, "x2": 0, "x3": 5, "x4": 4}}}