{"2": {"val_score": [0.5813397129186603, 0.02930535455861071], "test_score": [0.5282608695652173, 0.023444283646888567], "time": "14/01/2023, 15:27:45", "config": {"x0": 5, "x1": 0, "x2": 1, "x3": 9, "x4": 5}}}