{"2": {"val_score": [0.6569948186528497, 0.6881331403762663], "test_score": [0.6597709641669746, 0.6892426435118186], "time": "14/01/2023, 15:27:58", "config": {"x0": 7, "x1": 2, "x2": 4, "x3": 2, "x4": 5}}}