{"2": {"val_score": [0.528556858745538, 1.0], "test_score": [0.528556858745538, 1.0], "time": "14/01/2023, 15:22:39", "config": {"x0": 2, "x1": 3, "x2": 9, "x3": 6, "x4": 3}}}