{"2": {"val_score": [0.7869012707722385, 0.29124457308248913], "test_score": [0.7863202545068929, 0.28615533043897734], "time": "14/01/2023, 15:28:11", "config": {"x0": 6, "x1": 4, "x2": 2, "x3": 3, "x4": 6}}}