{"2": {"val_score": [0.75, 0.006512301013024602], "test_score": [0.7325581395348837, 0.006078147612156295], "time": "14/01/2023, 15:28:26", "config": {"x0": 6, "x1": 0, "x2": 5, "x3": 7, "x4": 6}}}