{"2": {"val_score": [0.5351105331599479, 0.9925229136517125], "test_score": [0.5342935884769383, 0.9913169319826338], "time": "14/01/2023, 15:28:28", "config": {"x0": 5, "x1": 7, "x2": 4, "x3": 3, "x4": 4}}}