{"2": {"val_score": [0.5691349688648811, 0.9148576941630487], "test_score": [0.5698300368959052, 0.9089242643511819], "time": "14/01/2023, 15:29:41", "config": {"x0": 9, "x1": 7, "x2": 0, "x3": 4, "x4": 5}}}