{"2": {"val_score": [0.6006228681595729, 0.48842257597684513], "test_score": [0.5990104841559666, 0.4905933429811867], "time": "14/01/2023, 15:29:54", "config": {"x0": 0, "x1": 3, "x2": 2, "x3": 8, "x4": 4}}}