{"2": {"val_score": [0.8064516129032258, 0.003014954172696575], "test_score": [0.868421052631579, 0.0031837916063675834], "time": "14/01/2023, 15:30:38", "config": {"x0": 8, "x1": 3, "x2": 4, "x3": 5, "x4": 5}}}