{"2": {"val_score": [0.529324472546616, 0.989387361312108], "test_score": [0.5290439276485788, 0.9876507477086348], "time": "14/01/2023, 15:30:53", "config": {"x0": 1, "x1": 2, "x2": 5, "x3": 9, "x4": 5}}}