{"2": {"val_score": [0.6176261549395877, 0.10479980704293294], "test_score": [0.6197101449275362, 0.10313555233960443], "time": "14/01/2023, 15:31:01", "config": {"x0": 9, "x1": 0, "x2": 4, "x3": 9, "x4": 5}}}