{"2": {"val_score": [0.7660987583020502, 0.31994693680656056], "test_score": [0.7632265717674971, 0.3103714423540762], "time": "14/01/2023, 15:31:01", "config": {"x0": 4, "x1": 8, "x2": 6, "x3": 0, "x4": 5}}}