{"2": {"val_score": [0.5949401523394995, 0.5274963820549927], "test_score": [0.5959224598930482, 0.5160636758321273], "time": "14/01/2023, 15:31:07", "config": {"x0": 7, "x1": 0, "x2": 5, "x3": 7, "x4": 5}}}