{"2": {"val_score": [0.5377074892170958, 0.9922817173178967], "test_score": [0.5390825688073394, 0.9920887602508441], "time": "14/01/2023, 15:31:08", "config": {"x0": 3, "x1": 3, "x2": 2, "x3": 2, "x4": 3}}}