{"2": {"val_score": [0.5614872027866121, 0.8942354076218042], "test_score": [0.5635430038510911, 0.8894356005788712], "time": "14/01/2023, 15:31:37", "config": {"x0": 7, "x1": 0, "x2": 7, "x3": 5, "x4": 6}}}