{"2": {"val_score": [0.528556858745538, 1.0], "test_score": [0.528556858745538, 1.0], "time": "14/01/2023, 15:31:37", "config": {"x0": 0, "x1": 7, "x2": 2, "x3": 9, "x4": 1}}}