{"2": {"val_score": [0.5946243969676085, 0.5202604920405209], "test_score": [0.6015377657168702, 0.513265798359865], "time": "14/01/2023, 15:31:49", "config": {"x0": 4, "x1": 8, "x2": 0, "x3": 6, "x4": 4}}}