{"2": {"val_score": [1.0, 0.000602990834539315], "test_score": [1.0, 0.0005788712011577424], "time": "14/01/2023, 15:32:03", "config": {"x0": 0, "x1": 8, "x2": 1, "x3": 6, "x4": 6}}}