{"2": {"val_score": [0.5775956284153005, 0.5098890496864448], "test_score": [0.577234869516935, 0.5014954172696575], "time": "14/01/2023, 15:32:06", "config": {"x0": 5, "x1": 7, "x2": 7, "x3": 4, "x4": 5}}}