{"2": {"val_score": [0.7688284518828452, 0.3545586107091172], "test_score": [0.7685720402483408, 0.34635793535938253], "time": "14/01/2023, 15:32:18", "config": {"x0": 4, "x1": 8, "x2": 4, "x3": 0, "x4": 6}}}