{"2": {"val_score": [0.5286798953614497, 0.9992764109985528], "test_score": [0.5287121637486601, 0.9993246502653159], "time": "14/01/2023, 15:32:32", "config": {"x0": 6, "x1": 8, "x2": 5, "x3": 8, "x4": 4}}}