{"2": {"val_score": [0.5670388483897758, 0.7410757356488181], "test_score": [0.56761121714873, 0.7459720212252774], "time": "14/01/2023, 15:33:18", "config": {"x0": 3, "x1": 3, "x2": 8, "x3": 5, "x4": 4}}}