{"2": {"val_score": [0.528556858745538, 1.0], "test_score": [0.528556858745538, 1.0], "time": "14/01/2023, 15:34:41", "config": {"x0": 9, "x1": 4, "x2": 1, "x3": 5, "x4": 2}}}