{"2": {"val_score": [0.528556858745538, 1.0], "test_score": [0.528556858745538, 1.0], "time": "14/01/2023, 15:34:55", "config": {"x0": 0, "x1": 3, "x2": 8, "x3": 6, "x4": 0}}}