{"2": {"val_score": [0.5288954382368016, 0.9955378678244091], "test_score": [0.5290923990985453, 0.9966232513265798], "time": "14/01/2023, 15:35:00", "config": {"x0": 0, "x1": 9, "x2": 4, "x3": 7, "x4": 4}}}