{"2": {"val_score": [0.5607449439837043, 0.464785335262904], "test_score": [0.5679799590070599, 0.4812349252291365], "time": "14/01/2023, 15:35:02", "config": {"x0": 4, "x1": 2, "x2": 1, "x3": 9, "x4": 5}}}