{"2": {"val_score": [1.0, 0.000241196333815726], "test_score": [1.0, 0.0001929570670525808], "time": "14/01/2023, 15:35:10", "config": {"x0": 1, "x1": 9, "x2": 4, "x3": 1, "x4": 5}}}