{"2": {"val_score": [0.5379188712522046, 0.9563434635793536], "test_score": [0.5398172323759791, 0.957452966714906], "time": "14/01/2023, 15:35:17", "config": {"x0": 3, "x1": 3, "x2": 1, "x3": 8, "x4": 4}}}