{"2": {"val_score": [0.528556858745538, 1.0], "test_score": [0.528556858745538, 1.0], "time": "14/01/2023, 15:35:58", "config": {"x0": 6, "x1": 0, "x2": 5, "x3": 0, "x4": 1}}}