{"2": {"val_score": [0.528556858745538, 1.0], "test_score": [0.528556858745538, 1.0], "time": "14/01/2023, 15:36:00", "config": {"x0": 8, "x1": 9, "x2": 5, "x3": 2, "x4": 3}}}