{"2": {"val_score": [0.528556858745538, 1.0], "test_score": [0.528556858745538, 1.0], "time": "14/01/2023, 15:36:23", "config": {"x0": 0, "x1": 1, "x2": 4, "x3": 4, "x4": 2}}}