{"2": {"val_score": [0.6788292934502321, 0.6349493487698987], "test_score": [0.6802374010828821, 0.6302942595272552], "time": "14/01/2023, 15:36:28", "config": {"x0": 6, "x1": 3, "x2": 5, "x3": 1, "x4": 5}}}