{"2": {"val_score": [0.5799180327868853, 0.13651712493970092], "test_score": [0.5824742268041238, 0.13082489146164977], "time": "14/01/2023, 15:36:30", "config": {"x0": 2, "x1": 7, "x2": 5, "x3": 9, "x4": 6}}}