{"2": {"val_score": [0.7359137677609016, 0.36227689339122043], "test_score": [0.7284902597402597, 0.34635793535938253], "time": "14/01/2023, 15:36:33", "config": {"x0": 0, "x1": 1, "x2": 4, "x3": 4, "x4": 5}}}