{"2": {"val_score": [0.6923076923076923, 0.001085383502170767], "test_score": [1.0, 0.0017366136034732273], "time": "14/01/2023, 15:36:42", "config": {"x0": 9, "x1": 6, "x2": 1, "x3": 3, "x4": 7}}}