{"2": {"val_score": [0.5351799830143071, 0.9879401833092137], "test_score": [0.5359744275009171, 0.9867824409068983], "time": "14/01/2023, 15:36:57", "config": {"x0": 2, "x1": 4, "x2": 6, "x3": 2, "x4": 4}}}