{"2": {"val_score": [0.5289124329844268, 0.9993970091654607], "test_score": [0.5291264614284985, 0.9999035214664737], "time": "14/01/2023, 15:37:22", "config": {"x0": 5, "x1": 8, "x2": 4, "x3": 0, "x4": 3}}}