{"2": {"val_score": [0.8333333333333334, 0.001808972503617945], "test_score": [0.6470588235294118, 0.0010612638687891945], "time": "14/01/2023, 15:37:32", "config": {"x0": 2, "x1": 5, "x2": 5, "x3": 8, "x4": 5}}}