{"2": {"val_score": [0.528556858745538, 1.0], "test_score": [0.528556858745538, 1.0], "time": "14/01/2023, 15:38:11", "config": {"x0": 8, "x1": 7, "x2": 0, "x3": 1, "x4": 0}}}