{"2": {"val_score": [0.528556858745538, 1.0], "test_score": [0.528556858745538, 1.0], "time": "14/01/2023, 15:38:20", "config": {"x0": 8, "x1": 6, "x2": 5, "x3": 7, "x4": 4}}}