{"2": {"val_score": [0.5372502315733757, 0.9792571152918476], "test_score": [0.5389189763194223, 0.9792571152918476], "time": "14/01/2023, 15:38:45", "config": {"x0": 2, "x1": 8, "x2": 7, "x3": 1, "x4": 5}}}