{"2": {"val_score": [0.7297297297297297, 0.006512301013024602], "test_score": [0.6923076923076923, 0.006946454413892909], "time": "14/01/2023, 15:39:04", "config": {"x0": 8, "x1": 1, "x2": 8, "x3": 7, "x4": 5}}}