{"2": {"val_score": [0.5398981324278438, 0.9204052098408104], "test_score": [0.5408035511040291, 0.9168355041003377], "time": "14/01/2023, 15:40:02", "config": {"x0": 6, "x1": 1, "x2": 9, "x3": 3, "x4": 5}}}