{"2": {"val_score": [0.528556858745538, 1.0], "test_score": [0.528556858745538, 1.0], "time": "14/01/2023, 15:40:03", "config": {"x0": 5, "x1": 9, "x2": 6, "x3": 5, "x4": 3}}}