{"2": {"val_score": [0.7835820895522388, 0.012662807525325614], "test_score": [0.8260869565217391, 0.012831644958996623], "time": "14/01/2023, 15:40:13", "config": {"x0": 5, "x1": 6, "x2": 6, "x3": 1, "x4": 6}}}