{"2": {"val_score": [0.875, 0.004220935841775205], "test_score": [0.8292682926829268, 0.0032802701398938735], "time": "14/01/2023, 15:40:27", "config": {"x0": 9, "x1": 0, "x2": 7, "x3": 6, "x4": 5}}}