{"2": {"val_score": [0.5506711672815763, 0.8459961408586589], "test_score": [0.5466339190125322, 0.8374336710082007], "time": "14/01/2023, 15:40:33", "config": {"x0": 6, "x1": 1, "x2": 4, "x3": 8, "x4": 4}}}