{"2": {"val_score": [0.7301204819277108, 0.03654124457308249], "test_score": [0.7361623616236163, 0.03849493487698987], "time": "14/01/2023, 15:41:01", "config": {"x0": 6, "x1": 9, "x2": 7, "x3": 2, "x4": 5}}}