{"2": {"val_score": [0.528556858745538, 1.0], "test_score": [0.528556858745538, 1.0], "time": "14/01/2023, 15:41:06", "config": {"x0": 0, "x1": 2, "x2": 0, "x3": 7, "x4": 1}}}