{"2": {"val_score": [0.6782665791201575, 0.4983116256632899], "test_score": [0.680934377531731, 0.4865412445730825], "time": "14/01/2023, 15:41:11", "config": {"x0": 6, "x1": 0, "x2": 7, "x3": 2, "x4": 5}}}