{"2": {"val_score": [0.625, 0.000602990834539315], "test_score": [0.9166666666666666, 0.0010612638687891945], "time": "14/01/2023, 15:41:36", "config": {"x0": 5, "x1": 6, "x2": 4, "x3": 2, "x4": 6}}}