{"2": {"val_score": [0.6123145979703357, 0.7567534973468403], "test_score": [0.6157824621894836, 0.75812831644959], "time": "14/01/2023, 15:42:06", "config": {"x0": 1, "x1": 7, "x2": 1, "x3": 4, "x4": 5}}}