{"2": {"val_score": [0.528556858745538, 1.0], "test_score": [0.528556858745538, 1.0], "time": "14/01/2023, 15:42:27", "config": {"x0": 1, "x1": 5, "x2": 8, "x3": 8, "x4": 0}}}