{"2": {"val_score": [0.84, 0.002532561505065123], "test_score": [0.8666666666666667, 0.0025084418716835506], "time": "14/01/2023, 15:42:35", "config": {"x0": 8, "x1": 9, "x2": 0, "x3": 5, "x4": 5}}}