{"2": {"val_score": [0.5244554048499794, 0.6155330438977328], "test_score": [0.521404958677686, 0.6086830680173662], "time": "14/01/2023, 15:23:47", "config": {"x0": 4, "x1": 3, "x2": 0, "x3": 9, "x4": 5}}}