{"2": {"val_score": [0.5294230523218626, 0.998191027496382], "test_score": [0.5294418580856397, 0.9984563434635794], "time": "14/01/2023, 15:43:14", "config": {"x0": 7, "x1": 7, "x2": 7, "x3": 1, "x4": 4}}}