{"2": {"val_score": [0.5327012249982698, 0.9282440906898215], "test_score": [0.5338579186523329, 0.9294741919922818], "time": "14/01/2023, 15:43:19", "config": {"x0": 2, "x1": 5, "x2": 6, "x3": 9, "x4": 6}}}