{"2": {"val_score": [0.6560260586319219, 0.12144235407621805], "test_score": [0.6388595564941922, 0.11673902556681139], "time": "14/01/2023, 15:43:39", "config": {"x0": 8, "x1": 7, "x2": 5, "x3": 5, "x4": 4}}}