{"2": {"val_score": [0.528556858745538, 1.0], "test_score": [0.528556858745538, 1.0], "time": "14/01/2023, 15:44:17", "config": {"x0": 4, "x1": 4, "x2": 0, "x3": 3, "x4": 1}}}