{"2": {"val_score": [0.8260869565217391, 0.002291365171249397], "test_score": [0.9473684210526315, 0.0017366136034732273], "time": "14/01/2023, 15:44:33", "config": {"x0": 9, "x1": 0, "x2": 3, "x3": 3, "x4": 6}}}