{"2": {"val_score": [0.5898089171974522, 0.1675108538350217], "test_score": [0.5940140845070423, 0.1627592860588519], "time": "14/01/2023, 15:44:42", "config": {"x0": 4, "x1": 0, "x2": 6, "x3": 8, "x4": 4}}}