{"2": {"val_score": [0.7567567567567568, 0.006753497346840328], "test_score": [0.7850467289719626, 0.008104196816208394], "time": "14/01/2023, 15:44:51", "config": {"x0": 0, "x1": 9, "x2": 1, "x3": 4, "x4": 5}}}