{"2": {"val_score": [0.6064727954971857, 0.6237337192474675], "test_score": [0.6152153110047847, 0.620260492040521], "time": "14/01/2023, 15:45:27", "config": {"x0": 5, "x1": 3, "x2": 1, "x3": 7, "x4": 6}}}