{"2": {"val_score": [0.6709057510244454, 0.5726000964785335], "test_score": [0.6618624028825583, 0.5671008200675349], "time": "14/01/2023, 15:45:46", "config": {"x0": 1, "x1": 7, "x2": 2, "x3": 4, "x4": 5}}}