{"2": {"val_score": [0.7883333333333333, 0.057042932947419196], "test_score": [0.7875, 0.05470332850940666], "time": "14/01/2023, 15:45:50", "config": {"x0": 4, "x1": 0, "x2": 8, "x3": 1, "x4": 6}}}