{"2": {"val_score": [0.6686440677966101, 0.6660636758321273], "test_score": [0.669424743892829, 0.6556681138446696], "time": "14/01/2023, 15:46:05", "config": {"x0": 5, "x1": 1, "x2": 2, "x3": 4, "x4": 5}}}