{"2": {"val_score": [0.528556858745538, 1.0], "test_score": [0.528556858745538, 1.0], "time": "14/01/2023, 15:46:09", "config": {"x0": 2, "x1": 2, "x2": 0, "x3": 5, "x4": 2}}}