{"2": {"val_score": [0.5768987341772152, 0.4397009165460685], "test_score": [0.5678520991141354, 0.4267245537867824], "time": "14/01/2023, 15:46:28", "config": {"x0": 2, "x1": 5, "x2": 8, "x3": 7, "x4": 5}}}