{"2": {"val_score": [0.528556858745538, 1.0], "test_score": [0.528556858745538, 1.0], "time": "14/01/2023, 15:46:49", "config": {"x0": 1, "x1": 4, "x2": 8, "x3": 0, "x4": 4}}}