{"2": {"val_score": [0.528556858745538, 1.0], "test_score": [0.528556858745538, 1.0], "time": "14/01/2023, 15:47:12", "config": {"x0": 6, "x1": 5, "x2": 2, "x3": 7, "x4": 4}}}