{"2": {"val_score": [0.528556858745538, 1.0], "test_score": [0.528556858745538, 1.0], "time": "14/01/2023, 15:47:13", "config": {"x0": 7, "x1": 3, "x2": 1, "x3": 5, "x4": 2}}}