{"2": {"val_score": [0.5290409725348942, 0.9919199228171732], "test_score": [0.528444810883232, 0.989387361312108], "time": "14/01/2023, 15:47:33", "config": {"x0": 6, "x1": 3, "x2": 9, "x3": 5, "x4": 4}}}