{"2": {"val_score": [0.528556858745538, 1.0], "test_score": [0.528556858745538, 1.0], "time": "14/01/2023, 15:48:41", "config": {"x0": 3, "x1": 1, "x2": 9, "x3": 5, "x4": 2}}}