{"2": {"val_score": [0.6571998006975586, 0.1590689821514713], "test_score": [0.6516310914216673, 0.15610226724553786], "time": "14/01/2023, 15:48:56", "config": {"x0": 2, "x1": 0, "x2": 8, "x3": 2, "x4": 5}}}