{"2": {"val_score": [0.8571428571428571, 0.002170767004341534], "test_score": [0.9090909090909091, 0.002894356005788712], "time": "14/01/2023, 15:49:02", "config": {"x0": 0, "x1": 1, "x2": 2, "x3": 5, "x4": 6}}}