{"2": {"val_score": [0.528556858745538, 1.0], "test_score": [0.528556858745538, 1.0], "time": "14/01/2023, 15:49:09", "config": {"x0": 4, "x1": 0, "x2": 6, "x3": 4, "x4": 3}}}