{"2": {"val_score": [0.52, 0.001567776169802219], "test_score": [0.5666666666666667, 0.0016401350699469367], "time": "14/01/2023, 15:50:34", "config": {"x0": 1, "x1": 6, "x2": 6, "x3": 9, "x4": 6}}}