{"2": {"val_score": [0.5631399317406144, 0.019898697539797394], "test_score": [0.5428571428571428, 0.018330921369995177], "time": "14/01/2023, 15:24:29", "config": {"x0": 8, "x1": 3, "x2": 6, "x3": 8, "x4": 5}}}