{"2": {"val_score": [0.530825901512214, 0.9905933429811867], "test_score": [0.5304195262913463, 0.991702846116739], "time": "14/01/2023, 15:51:34", "config": {"x0": 9, "x1": 4, "x2": 3, "x3": 9, "x4": 5}}}