{"2": {"val_score": [0.5491762356465302, 0.5306319343945972], "test_score": [0.5494162640901772, 0.5266763145200193], "time": "14/01/2023, 15:51:46", "config": {"x0": 5, "x1": 5, "x2": 6, "x3": 8, "x4": 5}}}