{"2": {"val_score": [0.6585365853658537, 0.006512301013024602], "test_score": [0.6344086021505376, 0.005692233478051134], "time": "14/01/2023, 15:52:02", "config": {"x0": 0, "x1": 6, "x2": 7, "x3": 5, "x4": 5}}}