{"2": {"val_score": [0.5330114822546973, 0.9852870236372407], "test_score": [0.5346353212210063, 0.9851423058369513], "time": "14/01/2023, 15:52:43", "config": {"x0": 0, "x1": 6, "x2": 8, "x3": 2, "x4": 4}}}