{"2": {"val_score": [0.528556858745538, 1.0], "test_score": [0.528556858745538, 1.0], "time": "14/01/2023, 15:22:18", "config": {"x0": 2, "x1": 9, "x2": 2, "x3": 6, "x4": 0}}}