{"2": {"val_score": [0.528556858745538, 1.0], "test_score": [0.528556858745538, 1.0], "time": "14/01/2023, 15:53:01", "config": {"x0": 2, "x1": 8, "x2": 4, "x3": 4, "x4": 0}}}