{"2": {"val_score": [0.528556858745538, 1.0], "test_score": [0.528556858745538, 1.0], "time": "14/01/2023, 15:53:25", "config": {"x0": 2, "x1": 6, "x2": 3, "x3": 8, "x4": 1}}}