{"2": {"val_score": [0.5285268056352393, 0.9998794018330921], "test_score": [0.528556858745538, 1.0], "time": "14/01/2023, 15:53:32", "config": {"x0": 5, "x1": 1, "x2": 5, "x3": 4, "x4": 4}}}