{"2": {"val_score": [0.528556858745538, 1.0], "test_score": [0.528556858745538, 1.0], "time": "14/01/2023, 15:53:33", "config": {"x0": 2, "x1": 8, "x2": 2, "x3": 7, "x4": 2}}}