{"2": {"val_score": [0.5801759133964818, 0.6204775687409552], "test_score": [0.5796905918330635, 0.6218041485769417], "time": "14/01/2023, 15:54:32", "config": {"x0": 5, "x1": 9, "x2": 4, "x3": 7, "x4": 4}}}