{"2": {"val_score": [0.528556858745538, 1.0], "test_score": [0.528556858745538, 1.0], "time": "14/01/2023, 15:54:58", "config": {"x0": 9, "x1": 4, "x2": 6, "x3": 4, "x4": 3}}}