{"2": {"val_score": [0.5320826004820532, 0.9850458273034249], "test_score": [0.5318627450980392, 0.9839845634346358], "time": "14/01/2023, 15:24:43", "config": {"x0": 3, "x1": 8, "x2": 8, "x3": 3, "x4": 5}}}