{"2": {"val_score": [0.735472972972973, 0.26254220935841777], "test_score": [0.731547449415788, 0.24766039556198746], "time": "14/01/2023, 15:58:22", "config": {"x0": 6, "x1": 2, "x2": 7, "x3": 0, "x4": 5}}}