{"2": {"val_score": [0.528556858745538, 1.0], "test_score": [0.528556858745538, 1.0], "time": "14/01/2023, 15:58:37", "config": {"x0": 1, "x1": 9, "x2": 4, "x3": 5, "x4": 1}}}