{"2": {"val_score": [0.528556858745538, 1.0], "test_score": [0.528556858745538, 1.0], "time": "14/01/2023, 15:59:07", "config": {"x0": 6, "x1": 7, "x2": 3, "x3": 5, "x4": 3}}}