{"2": {"val_score": [0.7375054324206867, 0.2046550892426435], "test_score": [0.7150108774474256, 0.19025566811384467], "time": "14/01/2023, 15:59:08", "config": {"x0": 1, "x1": 6, "x2": 6, "x3": 3, "x4": 5}}}