{"2": {"val_score": [0.528556858745538, 1.0], "test_score": [0.528556858745538, 1.0], "time": "14/01/2023, 15:59:39", "config": {"x0": 8, "x1": 5, "x2": 1, "x3": 8, "x4": 0}}}