{"2": {"val_score": [0.528556858745538, 1.0], "test_score": [0.528556858745538, 1.0], "time": "14/01/2023, 15:59:50", "config": {"x0": 5, "x1": 7, "x2": 7, "x3": 3, "x4": 0}}}