{"2": {"val_score": [0.6224747474747475, 0.5945489628557646], "test_score": [0.6277839926777179, 0.5955619874577907], "time": "14/01/2023, 16:00:03", "config": {"x0": 2, "x1": 1, "x2": 8, "x3": 2, "x4": 5}}}