{"2": {"val_score": [0.5349064598135714, 0.9896285576459238], "test_score": [0.5347685571309424, 0.9897732754462132], "time": "14/01/2023, 15:25:28", "config": {"x0": 2, "x1": 2, "x2": 7, "x3": 4, "x4": 5}}}