{"2": {"val_score": [0.6521739130434783, 0.001808972503617945], "test_score": [0.7692307692307693, 0.002894356005788712], "time": "14/01/2023, 15:25:41", "config": {"x0": 9, "x1": 7, "x2": 9, "x3": 1, "x4": 5}}}