{"2": {"val_score": [0.6666666666666666, 0.000482392667631452], "test_score": [0.7272727272727273, 0.0007718282682103232], "time": "14/01/2023, 13:26:17", "config": {"x0": 6, "x1": 3, "x2": 7, "x3": 4, "x4": 6}}}