{"2": {"val_score": [0.7168070597673486, 0.43101784852870234], "test_score": [0.7158015017956252, 0.4230583695127834], "time": "14/01/2023, 13:29:35", "config": {"x0": 2, "x1": 6, "x2": 5, "x3": 1, "x4": 5}}}