{"2": {"val_score": [0.5426356589147286, 0.00844187168355041], "test_score": [0.569620253164557, 0.008683068017366137], "time": "14/01/2023, 13:30:21", "config": {"x0": 8, "x1": 9, "x2": 8, "x3": 8, "x4": 5}}}