{"2": {"val_score": [0.5812107788851975, 0.7595272551857212], "test_score": [0.5822530174340634, 0.7539797395079595], "time": "14/01/2023, 13:30:35", "config": {"x0": 1, "x1": 9, "x2": 7, "x3": 2, "x4": 6}}}