{"2": {"val_score": [0.8899082568807339, 0.023396044380125422], "test_score": [0.899390243902439, 0.028461167390255667], "time": "14/01/2023, 13:26:17", "config": {"x0": 7, "x1": 7, "x2": 2, "x3": 0, "x4": 7}}}