{"2": {"val_score": [0.528556858745538, 1.0], "test_score": [0.528556858745538, 1.0], "time": "14/01/2023, 13:31:02", "config": {"x0": 2, "x1": 9, "x2": 8, "x3": 4, "x4": 5}}}