{"2": {"val_score": [0.5717819868573637, 0.8919440424505547], "test_score": [0.5756124860092028, 0.8931017848528703], "time": "14/01/2023, 13:31:39", "config": {"x0": 7, "x1": 8, "x2": 4, "x3": 2, "x4": 4}}}