{"2": {"val_score": [0.6628017789072427, 0.5032561505065123], "test_score": [0.6598822324628776, 0.497346840328027], "time": "14/01/2023, 13:32:48", "config": {"x0": 5, "x1": 6, "x2": 8, "x3": 0, "x4": 5}}}