{"2": {"val_score": [0.890625, 0.006874095513748191], "test_score": [0.9027777777777778, 0.006271104679208876], "time": "14/01/2023, 13:32:53", "config": {"x0": 1, "x1": 0, "x2": 2, "x3": 5, "x4": 7}}}