{"2": {"val_score": [0.6699337748344371, 0.6099855282199711], "test_score": [0.669049397204737, 0.6050168837433672], "time": "14/01/2023, 13:33:09", "config": {"x0": 3, "x1": 8, "x2": 0, "x3": 3, "x4": 5}}}