{"2": {"val_score": [0.528556858745538, 1.0], "test_score": [0.528556858745538, 1.0], "time": "14/01/2023, 13:33:25", "config": {"x0": 7, "x1": 5, "x2": 8, "x3": 4, "x4": 2}}}