{"2": {"val_score": [0.528556858745538, 1.0], "test_score": [0.528556858745538, 1.0], "time": "14/01/2023, 13:33:58", "config": {"x0": 5, "x1": 3, "x2": 9, "x3": 9, "x4": 1}}}