{"2": {"val_score": [0.5302226249029252, 0.9880607814761215], "test_score": [0.5300786912404224, 0.9878437047756874], "time": "14/01/2023, 13:34:03", "config": {"x0": 1, "x1": 0, "x2": 4, "x3": 8, "x4": 5}}}