{"2": {"val_score": [0.528556858745538, 1.0], "test_score": [0.528556858745538, 1.0], "time": "14/01/2023, 13:34:10", "config": {"x0": 0, "x1": 9, "x2": 4, "x3": 9, "x4": 1}}}