{"2": {"val_score": [0.6398942659617731, 0.3795224312590449], "test_score": [0.6429279576999339, 0.37539797395079594], "time": "14/01/2023, 13:26:16", "config": {"x0": 5, "x1": 4, "x2": 1, "x3": 7, "x4": 5}}}