{"2": {"val_score": [0.5733445096395641, 0.0824891461649783], "test_score": [0.5502450980392157, 0.08663772310660878], "time": "14/01/2023, 13:26:33", "config": {"x0": 1, "x1": 9, "x2": 8, "x3": 4, "x4": 5}}}