{"2": {"val_score": [0.6089655172413793, 0.3194645441389291], "test_score": [0.6267566048341765, 0.3227206946454414], "time": "14/01/2023, 13:35:11", "config": {"x0": 1, "x1": 0, "x2": 9, "x3": 1, "x4": 6}}}