{"2": {"val_score": [0.5546098222356132, 0.8879643029425953], "test_score": [0.5544981145627581, 0.8937771345875543], "time": "14/01/2023, 13:35:32", "config": {"x0": 3, "x1": 9, "x2": 4, "x3": 4, "x4": 5}}}