{"2": {"val_score": [0.528556858745538, 1.0], "test_score": [0.528556858745538, 1.0], "time": "14/01/2023, 13:36:18", "config": {"x0": 7, "x1": 7, "x2": 1, "x3": 7, "x4": 0}}}