{"2": {"val_score": [0.667735728030789, 0.25108538350217074], "test_score": [0.6732542819499341, 0.24650265315967199], "time": "14/01/2023, 13:36:28", "config": {"x0": 7, "x1": 1, "x2": 7, "x3": 2, "x4": 5}}}