{"2": {"val_score": [0.7330960854092526, 0.024843222383019777], "test_score": [0.698170731707317, 0.0220935841775205], "time": "14/01/2023, 13:38:16", "config": {"x0": 3, "x1": 7, "x2": 6, "x3": 4, "x4": 6}}}