{"2": {"val_score": [0.528556858745538, 1.0], "test_score": [0.528556858745538, 1.0], "time": "14/01/2023, 13:38:18", "config": {"x0": 7, "x1": 8, "x2": 2, "x3": 9, "x4": 2}}}