{"2": {"val_score": [0.5528752436647173, 0.8209117221418234], "test_score": [0.5509899383317105, 0.8189097925711529], "time": "14/01/2023, 13:38:39", "config": {"x0": 9, "x1": 2, "x2": 2, "x3": 9, "x4": 5}}}