{"2": {"val_score": [0.5285268056352393, 0.9998794018330921], "test_score": [0.5286916602907421, 1.0], "time": "14/01/2023, 13:39:50", "config": {"x0": 0, "x1": 6, "x2": 7, "x3": 5, "x4": 4}}}