{"2": {"val_score": [0.6115534738485559, 0.4723830197780994], "test_score": [0.6183808553971487, 0.46869271587071876], "time": "14/01/2023, 13:40:53", "config": {"x0": 1, "x1": 4, "x2": 3, "x3": 6, "x4": 5}}}