{"2": {"val_score": [0.528556858745538, 1.0], "test_score": [0.528556858745538, 1.0], "time": "14/01/2023, 13:43:19", "config": {"x0": 3, "x1": 1, "x2": 9, "x3": 8, "x4": 1}}}