{"2": {"val_score": [0.681182672473069, 0.35841775205016885], "test_score": [0.6753051643192488, 0.34693680656054027], "time": "14/01/2023, 13:43:55", "config": {"x0": 4, "x1": 3, "x2": 2, "x3": 6, "x4": 5}}}