{"2": {"val_score": [0.528556858745538, 1.0], "test_score": [0.528556858745538, 1.0], "time": "14/01/2023, 13:45:07", "config": {"x0": 7, "x1": 8, "x2": 8, "x3": 1, "x4": 1}}}