{"2": {"val_score": [0.6363636363636364, 0.003376748673420164], "test_score": [0.5681818181818182, 0.00241196333815726], "time": "14/01/2023, 13:45:31", "config": {"x0": 6, "x1": 5, "x2": 5, "x3": 8, "x4": 5}}}