{"2": {"val_score": [0.5326397712833545, 0.8088519054510371], "test_score": [0.5315132704123646, 0.8095513748191028], "time": "14/01/2023, 13:46:06", "config": {"x0": 2, "x1": 5, "x2": 7, "x3": 9, "x4": 5}}}