{"2": {"val_score": [0.6340531244028282, 0.40014471780028943], "test_score": [0.6311513825964693, 0.3897732754462132], "time": "14/01/2023, 13:26:52", "config": {"x0": 3, "x1": 0, "x2": 7, "x3": 3, "x4": 5}}}