{"2": {"val_score": [0.528556858745538, 1.0], "test_score": [0.528556858745538, 1.0], "time": "14/01/2023, 13:46:14", "config": {"x0": 3, "x1": 2, "x2": 3, "x3": 6, "x4": 0}}}