{"2": {"val_score": [0.528556858745538, 1.0], "test_score": [0.528556858745538, 1.0], "time": "14/01/2023, 13:46:28", "config": {"x0": 9, "x1": 2, "x2": 4, "x3": 4, "x4": 3}}}