{"2": {"val_score": [0.5682864450127877, 0.6699228171731789], "test_score": [0.5624845742492801, 0.6596237337192474], "time": "14/01/2023, 13:48:07", "config": {"x0": 1, "x1": 3, "x2": 5, "x3": 9, "x4": 6}}}