{"2": {"val_score": [0.6748194145228742, 0.6421852387843705], "test_score": [0.6725927448360909, 0.6314520019295706], "time": "14/01/2023, 13:27:07", "config": {"x0": 5, "x1": 5, "x2": 5, "x3": 2, "x4": 5}}}