{"2": {"val_score": [0.6501283147989735, 0.09165460684997588], "test_score": [0.6489208633093525, 0.08702363724071394], "time": "14/01/2023, 13:49:50", "config": {"x0": 8, "x1": 2, "x2": 9, "x3": 3, "x4": 5}}}