{"2": {"val_score": [0.8260869565217391, 0.002291365171249397], "test_score": [1.0, 0.0045344910757356485], "time": "14/01/2023, 13:49:57", "config": {"x0": 6, "x1": 3, "x2": 5, "x3": 2, "x4": 5}}}