{"2": {"val_score": [0.5404865044985006, 0.7824409068982151], "test_score": [0.5421216332473033, 0.790352146647371], "time": "14/01/2023, 13:50:43", "config": {"x0": 2, "x1": 0, "x2": 6, "x3": 9, "x4": 4}}}