{"2": {"val_score": [0.5318716668077542, 0.7577182826821033], "test_score": [0.5298802069153281, 0.7510853835021708], "time": "14/01/2023, 13:51:23", "config": {"x0": 4, "x1": 9, "x2": 4, "x3": 9, "x4": 4}}}