{"2": {"val_score": [0.5341210833775889, 0.9703328509406657], "test_score": [0.5359376656418955, 0.9754944524843222], "time": "14/01/2023, 13:52:11", "config": {"x0": 5, "x1": 4, "x2": 5, "x3": 6, "x4": 4}}}