{"2": {"val_score": [0.7198233562315997, 0.35383502170767006], "test_score": [0.7187373532982598, 0.3426917510853835], "time": "14/01/2023, 13:53:38", "config": {"x0": 6, "x1": 8, "x2": 1, "x3": 3, "x4": 5}}}