{"2": {"val_score": [0.528556858745538, 1.0], "test_score": [0.528556858745538, 1.0], "time": "14/01/2023, 13:55:25", "config": {"x0": 2, "x1": 0, "x2": 5, "x3": 7, "x4": 2}}}