{"2": {"val_score": [0.5789336348612681, 0.8027013989387362], "test_score": [0.5822847100175746, 0.7991316931982634], "time": "14/01/2023, 13:55:37", "config": {"x0": 9, "x1": 6, "x2": 4, "x3": 4, "x4": 4}}}