{"2": {"val_score": [0.5311157401380029, 0.9839604438012542], "test_score": [0.532286668057584, 0.9845634346357935], "time": "14/01/2023, 13:56:18", "config": {"x0": 8, "x1": 3, "x2": 9, "x3": 9, "x4": 5}}}