{"2": {"val_score": [0.5605239008926337, 0.8102990834539315], "test_score": [0.5620634067705534, 0.8073323685479981], "time": "14/01/2023, 13:57:24", "config": {"x0": 5, "x1": 1, "x2": 9, "x3": 2, "x4": 5}}}