{"2": {"val_score": [0.52964036358846, 0.9697298601061264], "test_score": [0.5289134438305709, 0.9698022190062711], "time": "14/01/2023, 13:57:27", "config": {"x0": 2, "x1": 7, "x2": 9, "x3": 8, "x4": 4}}}