{"2": {"val_score": [0.5968090211132437, 0.5999758803666184], "test_score": [0.59450696166317, 0.6014471780028944], "time": "14/01/2023, 13:57:33", "config": {"x0": 2, "x1": 6, "x2": 6, "x3": 5, "x4": 5}}}