{"2": {"val_score": [0.5388928317955998, 0.9157018813314037], "test_score": [0.5387799070189364, 0.9168355041003377], "time": "14/01/2023, 13:57:47", "config": {"x0": 7, "x1": 1, "x2": 6, "x3": 7, "x4": 5}}}