{"2": {"val_score": [0.5809788482322062, 0.907621804148577], "test_score": [0.5830849478390462, 0.9059334298118669], "time": "14/01/2023, 13:57:54", "config": {"x0": 0, "x1": 2, "x2": 3, "x3": 3, "x4": 4}}}