{"2": {"val_score": [0.6121739130434782, 0.08490110950313555], "test_score": [0.5934718100890207, 0.07718282682103232], "time": "14/01/2023, 13:27:30", "config": {"x0": 0, "x1": 3, "x2": 9, "x3": 5, "x4": 5}}}