{"2": {"val_score": [0.528556858745538, 1.0], "test_score": [0.528556858745538, 1.0], "time": "14/01/2023, 13:58:02", "config": {"x0": 2, "x1": 0, "x2": 6, "x3": 9, "x4": 0}}}