{"2": {"val_score": [0.5672872566522146, 0.8047515677761699], "test_score": [0.5676009045432742, 0.7991316931982634], "time": "14/01/2023, 13:58:11", "config": {"x0": 1, "x1": 7, "x2": 8, "x3": 3, "x4": 4}}}