{"2": {"val_score": [0.528556858745538, 1.0], "test_score": [0.528556858745538, 1.0], "time": "14/01/2023, 13:58:48", "config": {"x0": 2, "x1": 5, "x2": 3, "x3": 5, "x4": 2}}}