{"2": {"val_score": [0.528556858745538, 1.0], "test_score": [0.528556858745538, 1.0], "time": "14/01/2023, 13:59:23", "config": {"x0": 9, "x1": 6, "x2": 8, "x3": 0, "x4": 1}}}