{"2": {"val_score": [0.528556858745538, 1.0], "test_score": [0.528556858745538, 1.0], "time": "14/01/2023, 13:59:28", "config": {"x0": 0, "x1": 0, "x2": 6, "x3": 0, "x4": 0}}}