{"2": {"val_score": [0.7128050097171237, 0.3980945489628558], "test_score": [0.706079295154185, 0.38658948383984565], "time": "14/01/2023, 14:02:35", "config": {"x0": 5, "x1": 2, "x2": 2, "x3": 6, "x4": 5}}}