{"2": {"val_score": [0.3333333333333333, 0.000120598166907863], "test_score": [1.0, 0.0001929570670525808], "time": "14/01/2023, 14:02:35", "config": {"x0": 4, "x1": 9, "x2": 6, "x3": 0, "x4": 6}}}