{"2": {"val_score": [0.7246811702925732, 0.11649782923299566], "test_score": [0.6857506361323156, 0.10400385914134105], "time": "14/01/2023, 14:02:42", "config": {"x0": 8, "x1": 5, "x2": 8, "x3": 4, "x4": 6}}}