{"2": {"val_score": [0.7331306990881459, 0.29088277858176553], "test_score": [0.7321428571428571, 0.2848046309696093], "time": "14/01/2023, 14:02:56", "config": {"x0": 6, "x1": 6, "x2": 5, "x3": 2, "x4": 5}}}