{"2": {"val_score": [0.528556858745538, 1.0], "test_score": [0.528556858745538, 1.0], "time": "14/01/2023, 14:02:58", "config": {"x0": 7, "x1": 7, "x2": 8, "x3": 0, "x4": 0}}}