{"2": {"val_score": [0.6896551724137931, 0.00241196333815726], "test_score": [0.8205128205128205, 0.003087313072841293], "time": "14/01/2023, 14:03:04", "config": {"x0": 6, "x1": 7, "x2": 9, "x3": 0, "x4": 6}}}