{"2": {"val_score": [0.528556858745538, 1.0], "test_score": [0.528556858745538, 1.0], "time": "14/01/2023, 13:28:04", "config": {"x0": 0, "x1": 0, "x2": 2, "x3": 4, "x4": 2}}}