{"2": {"val_score": [0.528556858745538, 1.0], "test_score": [0.528556858745538, 1.0], "time": "14/01/2023, 13:28:15", "config": {"x0": 0, "x1": 2, "x2": 3, "x3": 1, "x4": 0}}}