{"2": {"val_score": [0.6887683694891532, 0.4747949831162566], "test_score": [0.6879908610595459, 0.46483357452966717], "time": "14/01/2023, 13:26:16", "config": {"x0": 7, "x1": 3, "x2": 1, "x3": 5, "x4": 5}}}