{"2": {"val_score": [0.6418867514400609, 0.7122527737578389], "test_score": [0.6432987895149351, 0.7126869271587072], "time": "14/01/2023, 13:28:43", "config": {"x0": 3, "x1": 3, "x2": 5, "x3": 2, "x4": 5}}}