{"2": {"val_score": [0.5818686401480111, 0.91027496382055], "test_score": [0.5829009142574747, 0.9103714423540762], "time": "14/01/2023, 13:28:56", "config": {"x0": 4, "x1": 3, "x2": 2, "x3": 2, "x4": 3}}}