{"2": {"val_score": [0.736254145575144, 0.5086830680173662], "test_score": [0.7388952164009112, 0.5007235890014472], "time": "14/01/2023, 13:28:56", "config": {"x0": 8, "x1": 0, "x2": 0, "x3": 4, "x4": 5}}}