{"2": {"val_score": [0.531227613155324, 0.9837192474674384], "test_score": [0.5322194461794711, 0.9864930053063193], "time": "14/01/2023, 13:29:05", "config": {"x0": 1, "x1": 4, "x2": 8, "x3": 3, "x4": 5}}}