{"2": {"val_score": [0.8300624442462088, 0.22443318861553305], "test_score": [0.8284473398479913, 0.22083936324167872], "time": "14/01/2023, 18:35:44", "config": {"x0": 0, "x1": 0, "x2": 1, "x3": 4, "x4": 6}}}