{"2": {"val_score": [0.528556858745538, 1.0], "test_score": [0.528556858745538, 1.0], "time": "14/01/2023, 18:39:49", "config": {"x0": 1, "x1": 1, "x2": 6, "x3": 1, "x4": 3}}}