{"2": {"val_score": [0.528556858745538, 1.0], "test_score": [0.528556858745538, 1.0], "time": "14/01/2023, 18:40:06", "config": {"x0": 9, "x1": 8, "x2": 5, "x3": 7, "x4": 0}}}