{"2": {"val_score": [0.6587151629664619, 0.6726965750120598], "test_score": [0.6631327602674307, 0.6698504582730342], "time": "14/01/2023, 18:40:28", "config": {"x0": 7, "x1": 7, "x2": 3, "x3": 2, "x4": 5}}}