{"2": {"val_score": [0.528556858745538, 1.0], "test_score": [0.528556858745538, 1.0], "time": "14/01/2023, 18:41:03", "config": {"x0": 6, "x1": 2, "x2": 0, "x3": 0, "x4": 0}}}