{"2": {"val_score": [1.0, 0.000120598166907863], "test_score": [1.0, 0.0003859141341051616], "time": "14/01/2023, 18:41:16", "config": {"x0": 5, "x1": 5, "x2": 2, "x3": 4, "x4": 6}}}