{"2": {"val_score": [0.6431226765799256, 0.22949831162566328], "test_score": [0.656191243620736, 0.23569705740472746], "time": "14/01/2023, 18:41:55", "config": {"x0": 1, "x1": 4, "x2": 6, "x3": 7, "x4": 5}}}