{"2": {"val_score": [0.528556858745538, 1.0], "test_score": [0.528556858745538, 1.0], "time": "14/01/2023, 18:41:55", "config": {"x0": 2, "x1": 3, "x2": 2, "x3": 4, "x4": 3}}}