{"2": {"val_score": [0.7935548841893253, 0.09503135552339605], "test_score": [0.7961165048543689, 0.08702363724071394], "time": "14/01/2023, 18:41:59", "config": {"x0": 0, "x1": 1, "x2": 7, "x3": 1, "x4": 6}}}