{"2": {"val_score": [0.5311684924360981, 0.982392667631452], "test_score": [0.531419624217119, 0.9823444283646888], "time": "14/01/2023, 18:42:08", "config": {"x0": 2, "x1": 9, "x2": 2, "x3": 8, "x4": 5}}}