{"2": {"val_score": [0.528556858745538, 1.0], "test_score": [0.528556858745538, 1.0], "time": "14/01/2023, 18:42:18", "config": {"x0": 3, "x1": 1, "x2": 0, "x3": 1, "x4": 1}}}