{"2": {"val_score": [0.8461538461538461, 0.001326579835986493], "test_score": [0.5555555555555556, 0.000964785335262904], "time": "14/01/2023, 18:42:18", "config": {"x0": 5, "x1": 7, "x2": 6, "x3": 7, "x4": 5}}}