{"2": {"val_score": [0.486, 0.02930535455861071], "test_score": [0.5217391304347826, 0.032416787264833574], "time": "14/01/2023, 18:42:22", "config": {"x0": 5, "x1": 1, "x2": 9, "x3": 6, "x4": 4}}}