{"2": {"val_score": [0.6085872082665241, 0.41196333815726], "test_score": [0.6177583697234352, 0.40945489628557646], "time": "14/01/2023, 18:42:45", "config": {"x0": 7, "x1": 5, "x2": 2, "x3": 7, "x4": 5}}}