{"2": {"val_score": [0.634401777213583, 0.4821514712976363], "test_score": [0.6336710833982853, 0.47062228654124455], "time": "14/01/2023, 18:43:12", "config": {"x0": 2, "x1": 5, "x2": 8, "x3": 0, "x4": 5}}}