{"2": {"val_score": [0.528556858745538, 1.0], "test_score": [0.528556858745538, 1.0], "time": "14/01/2023, 18:44:30", "config": {"x0": 8, "x1": 9, "x2": 3, "x3": 6, "x4": 2}}}