{"2": {"val_score": [0.6386222473178995, 0.5455861070911722], "test_score": [0.6328663298116675, 0.5316931982633863], "time": "14/01/2023, 18:45:14", "config": {"x0": 6, "x1": 0, "x2": 7, "x3": 4, "x4": 5}}}