{"2": {"val_score": [0.528556858745538, 1.0], "test_score": [0.528556858745538, 1.0], "time": "14/01/2023, 18:45:25", "config": {"x0": 4, "x1": 8, "x2": 8, "x3": 1, "x4": 4}}}