{"2": {"val_score": [0.528556858745538, 1.0], "test_score": [0.528556858745538, 1.0], "time": "14/01/2023, 18:46:08", "config": {"x0": 1, "x1": 5, "x2": 6, "x3": 0, "x4": 3}}}