{"2": {"val_score": [0.528556858745538, 1.0], "test_score": [0.528556858745538, 1.0], "time": "14/01/2023, 18:47:44", "config": {"x0": 4, "x1": 9, "x2": 6, "x3": 1, "x4": 1}}}