{"2": {"val_score": [0.56609375, 0.4369271587071876], "test_score": [0.5703417311050137, 0.441196333815726], "time": "14/01/2023, 18:48:07", "config": {"x0": 9, "x1": 8, "x2": 2, "x3": 9, "x4": 5}}}