{"2": {"val_score": [0.528556858745538, 1.0], "test_score": [0.528556858745538, 1.0], "time": "14/01/2023, 18:49:50", "config": {"x0": 7, "x1": 8, "x2": 4, "x3": 1, "x4": 0}}}