{"2": {"val_score": [0.642691415313225, 0.03340569223347805], "test_score": [0.6788990825688074, 0.03569705740472745], "time": "14/01/2023, 18:49:54", "config": {"x0": 2, "x1": 4, "x2": 7, "x3": 5, "x4": 5}}}