{"2": {"val_score": [0.528556858745538, 1.0], "test_score": [0.528556858745538, 1.0], "time": "14/01/2023, 18:50:20", "config": {"x0": 4, "x1": 6, "x2": 2, "x3": 9, "x4": 1}}}