{"2": {"val_score": [0.48936170212765956, 0.002773757838880849], "test_score": [0.609375, 0.0037626628075253256], "time": "14/01/2023, 18:50:44", "config": {"x0": 8, "x1": 7, "x2": 2, "x3": 9, "x4": 6}}}