{"2": {"val_score": [0.5736818386660658, 0.3070429329474192], "test_score": [0.5793357933579336, 0.30294259527255185], "time": "14/01/2023, 18:51:29", "config": {"x0": 6, "x1": 9, "x2": 0, "x3": 8, "x4": 5}}}