{"2": {"val_score": [0.8571428571428571, 0.004341534008683068], "test_score": [0.8235294117647058, 0.004052098408104197], "time": "14/01/2023, 18:51:32", "config": {"x0": 1, "x1": 1, "x2": 8, "x3": 0, "x4": 5}}}