{"2": {"val_score": [0.5535002631776825, 0.8877231066087795], "test_score": [0.5537055959608103, 0.8887602508441872], "time": "14/01/2023, 18:53:40", "config": {"x0": 2, "x1": 4, "x2": 7, "x3": 6, "x4": 4}}}