{"2": {"val_score": [0.528556858745538, 1.0], "test_score": [0.528556858745538, 1.0], "time": "14/01/2023, 18:54:13", "config": {"x0": 6, "x1": 2, "x2": 9, "x3": 7, "x4": 5}}}