{"2": {"val_score": [0.5656294706723891, 0.7629040038591414], "test_score": [0.5703564727954972, 0.7625663289917993], "time": "14/01/2023, 18:54:35", "config": {"x0": 7, "x1": 1, "x2": 6, "x3": 6, "x4": 5}}}