{"2": {"val_score": [0.528556858745538, 1.0], "test_score": [0.528556858745538, 1.0], "time": "14/01/2023, 18:54:38", "config": {"x0": 6, "x1": 8, "x2": 0, "x3": 8, "x4": 3}}}