{"2": {"val_score": [0.528556858745538, 1.0], "test_score": [0.528556858745538, 1.0], "time": "14/01/2023, 18:54:53", "config": {"x0": 6, "x1": 0, "x2": 3, "x3": 6, "x4": 4}}}