{"2": {"val_score": [0.528556858745538, 1.0], "test_score": [0.528556858745538, 1.0], "time": "14/01/2023, 18:55:19", "config": {"x0": 9, "x1": 5, "x2": 9, "x3": 0, "x4": 3}}}