{"2": {"val_score": [0.6687667716719169, 0.6912686927158708], "test_score": [0.6695792572893912, 0.6801736613603473], "time": "14/01/2023, 18:36:30", "config": {"x0": 5, "x1": 4, "x2": 2, "x3": 3, "x4": 5}}}