{"2": {"val_score": [0.528556858745538, 1.0], "test_score": [0.528556858745538, 1.0], "time": "14/01/2023, 18:36:50", "config": {"x0": 7, "x1": 8, "x2": 7, "x3": 3, "x4": 3}}}