{"2": {"val_score": [0.5524017467248908, 0.7322720694645442], "test_score": [0.5538416550917464, 0.7309213699951761], "time": "14/01/2023, 18:56:48", "config": {"x0": 8, "x1": 9, "x2": 8, "x3": 6, "x4": 5}}}