{"2": {"val_score": [0.5427947309194413, 0.9889049686444766], "test_score": [0.5426039898132428, 0.9866859623733719], "time": "14/01/2023, 18:35:44", "config": {"x0": 3, "x1": 2, "x2": 0, "x3": 3, "x4": 2}}}