{"2": {"val_score": [0.5950061736863768, 0.5230342498794018], "test_score": [0.5939281017097764, 0.5228171731789677], "time": "14/01/2023, 18:57:23", "config": {"x0": 3, "x1": 5, "x2": 6, "x3": 7, "x4": 5}}}