{"2": {"val_score": [0.528556858745538, 1.0], "test_score": [0.528610771113831, 1.0], "time": "14/01/2023, 18:36:52", "config": {"x0": 8, "x1": 2, "x2": 2, "x3": 2, "x4": 1}}}