{"2": {"val_score": [0.528556858745538, 1.0], "test_score": [0.5285597715218279, 0.9999035214664737], "time": "14/01/2023, 18:59:15", "config": {"x0": 2, "x1": 5, "x2": 2, "x3": 6, "x4": 5}}}