{"2": {"val_score": [0.6778540554284261, 0.6430294259527255], "test_score": [0.6816355958389123, 0.6384949348769898], "time": "14/01/2023, 18:36:52", "config": {"x0": 1, "x1": 4, "x2": 2, "x3": 2, "x4": 5}}}