{"2": {"val_score": [0.528556858745538, 1.0], "test_score": [0.528556858745538, 1.0], "time": "14/01/2023, 19:02:03", "config": {"x0": 0, "x1": 5, "x2": 2, "x3": 6, "x4": 3}}}