{"2": {"val_score": [0.851063829787234, 0.00482392667631452], "test_score": [0.8032786885245902, 0.00472744814278823], "time": "14/01/2023, 18:37:12", "config": {"x0": 4, "x1": 3, "x2": 8, "x3": 1, "x4": 6}}}