{"2": {"val_score": [0.528556858745538, 1.0], "test_score": [0.528556858745538, 1.0], "time": "14/01/2023, 19:05:30", "config": {"x0": 4, "x1": 1, "x2": 5, "x3": 2, "x4": 1}}}