{"2": {"val_score": [0.5815681902638424, 0.5662083936324168], "test_score": [0.5737754182109587, 0.5526290400385914], "time": "14/01/2023, 19:05:31", "config": {"x0": 1, "x1": 7, "x2": 6, "x3": 7, "x4": 5}}}