{"2": {"val_score": [0.5773851590106007, 0.09852870236372407], "test_score": [0.576797385620915, 0.10217076700434154], "time": "14/01/2023, 19:05:38", "config": {"x0": 0, "x1": 1, "x2": 6, "x3": 9, "x4": 5}}}