{"2": {"val_score": [0.5284739493654741, 0.9993970091654607], "test_score": [0.5287544011838546, 0.9997105643994211], "time": "14/01/2023, 19:06:58", "config": {"x0": 7, "x1": 5, "x2": 9, "x3": 6, "x4": 3}}}