{"2": {"val_score": [0.7941176470588235, 0.003256150506512301], "test_score": [0.8918918918918919, 0.0031837916063675834], "time": "14/01/2023, 19:07:31", "config": {"x0": 2, "x1": 4, "x2": 7, "x3": 0, "x4": 6}}}