{"2": {"val_score": [0.6601626016260163, 0.14688856729377714], "test_score": [0.6510917030567686, 0.143849493487699], "time": "14/01/2023, 19:07:41", "config": {"x0": 5, "x1": 2, "x2": 5, "x3": 7, "x4": 5}}}