{"2": {"val_score": [0.6655490360435876, 0.09575494452484322], "test_score": [0.6444595513256288, 0.0914616497829233], "time": "14/01/2023, 19:08:30", "config": {"x0": 1, "x1": 6, "x2": 1, "x3": 8, "x4": 5}}}