{"2": {"val_score": [0.622959097794984, 0.44633381572600095], "test_score": [0.6314631463146315, 0.44302942595272554], "time": "14/01/2023, 19:08:53", "config": {"x0": 1, "x1": 0, "x2": 7, "x3": 2, "x4": 5}}}