{"2": {"val_score": [0.528556858745538, 1.0], "test_score": [0.528556858745538, 1.0], "time": "14/01/2023, 19:09:07", "config": {"x0": 5, "x1": 2, "x2": 5, "x3": 8, "x4": 1}}}