{"2": {"val_score": [0.5533980582524272, 0.006874095513748191], "test_score": [0.48672566371681414, 0.005306319343945972], "time": "14/01/2023, 19:09:51", "config": {"x0": 3, "x1": 2, "x2": 0, "x3": 9, "x4": 5}}}