{"2": {"val_score": [0.5758607642830117, 0.18355041003376749], "test_score": [0.5666052793124616, 0.1780993728895321], "time": "14/01/2023, 19:11:56", "config": {"x0": 5, "x1": 3, "x2": 8, "x3": 9, "x4": 5}}}