{"2": {"val_score": [0.5462646947288585, 0.6948866377231067], "test_score": [0.5420403157814057, 0.6822961890979257], "time": "14/01/2023, 19:12:01", "config": {"x0": 1, "x1": 5, "x2": 9, "x3": 6, "x4": 5}}}