{"2": {"val_score": [0.8, 0.002894356005788712], "test_score": [0.8095238095238095, 0.0032802701398938735], "time": "14/01/2023, 19:13:07", "config": {"x0": 4, "x1": 5, "x2": 0, "x3": 7, "x4": 5}}}