{"2": {"val_score": [0.5349282929085982, 0.9761215629522432], "test_score": [0.5345792418963151, 0.9769416304872166], "time": "14/01/2023, 18:38:05", "config": {"x0": 3, "x1": 9, "x2": 5, "x3": 6, "x4": 4}}}