{"2": {"val_score": [0.528556858745538, 1.0], "test_score": [0.5285328165638228, 0.9999035214664737], "time": "14/01/2023, 18:38:13", "config": {"x0": 9, "x1": 5, "x2": 6, "x3": 7, "x4": 6}}}