{"2": {"val_score": [0.6976955730745906, 0.2774963820549928], "test_score": [0.7003407984420643, 0.2775687409551375], "time": "14/01/2023, 18:38:30", "config": {"x0": 8, "x1": 0, "x2": 5, "x3": 3, "x4": 6}}}